-- phpMyAdmin SQL Dump
-- version 5.0.4
-- https://www.phpmyadmin.net/
--
-- Host: 127.0.0.1
-- Generation Time: Mar 22, 2022 at 05:13 PM
-- Server version: 10.4.17-MariaDB
-- PHP Version: 7.3.25

SET SQL_MODE = "NO_AUTO_VALUE_ON_ZERO";
START TRANSACTION;
SET time_zone = "+00:00";


/*!40101 SET @OLD_CHARACTER_SET_CLIENT=@@CHARACTER_SET_CLIENT */;
/*!40101 SET @OLD_CHARACTER_SET_RESULTS=@@CHARACTER_SET_RESULTS */;
/*!40101 SET @OLD_COLLATION_CONNECTION=@@COLLATION_CONNECTION */;
/*!40101 SET NAMES utf8mb4 */;

--
-- Database: `oprec_ta1`
--

-- --------------------------------------------------------

--
-- Table structure for table `divisi`
--

CREATE TABLE `divisi` (
  `id` bigint(20) UNSIGNED NOT NULL,
  `nama` varchar(100) NOT NULL
) ENGINE=InnoDB DEFAULT CHARSET=utf8mb4;

--
-- Dumping data for table `divisi`
--

INSERT INTO `divisi` (`id`, `nama`) VALUES
(1, 'IT'),
(2, 'Accounting'),
(3, 'Logistik'),
(4, 'Produksi'),
(5, 'Gudang');

-- --------------------------------------------------------

--
-- Table structure for table `jabatan`
--

CREATE TABLE `jabatan` (
  `id` bigint(20) UNSIGNED NOT NULL,
  `nama` varchar(100) NOT NULL,
  `pass_grade` int(100) NOT NULL
) ENGINE=InnoDB DEFAULT CHARSET=utf8mb4;

--
-- Dumping data for table `jabatan`
--

INSERT INTO `jabatan` (`id`, `nama`, `pass_grade`) VALUES
(1, 'Staff', 75),
(2, 'Supervisor', 80),
(3, 'Manager', 90),
(4, 'General Manger', 90);

-- --------------------------------------------------------

--
-- Table structure for table `jadwal`
--

CREATE TABLE `jadwal` (
  `id` bigint(20) UNSIGNED NOT NULL,
  `waktu_mulai` datetime NOT NULL,
  `waktu_selesai` datetime NOT NULL,
  `ket` varchar(255) NOT NULL
) ENGINE=InnoDB DEFAULT CHARSET=utf8mb4;

--
-- Dumping data for table `jadwal`
--

INSERT INTO `jadwal` (`id`, `waktu_mulai`, `waktu_selesai`, `ket`) VALUES
(1, '2022-02-24 11:40:48', '2022-02-26 11:40:48', 'Open Recrutimen IT'),
(2, '2022-03-03 11:40:48', '2022-03-09 11:40:48', 'Open Recruitment Administrasi'),
(3, '2022-03-09 11:52:24', '2022-03-17 11:52:24', 'Open Recruitment Logistik dan Produksi');

-- --------------------------------------------------------

--
-- Table structure for table `jawaban`
--

CREATE TABLE `jawaban` (
  `id` bigint(20) UNSIGNED NOT NULL,
  `soal_detail_id` bigint(20) UNSIGNED NOT NULL,
  `jawaban` varchar(255) NOT NULL,
  `status` int(1) DEFAULT NULL
) ENGINE=InnoDB DEFAULT CHARSET=utf8mb4;

--
-- Dumping data for table `jawaban`
--

INSERT INTO `jawaban` (`id`, `soal_detail_id`, `jawaban`, `status`) VALUES
(1, 1, 'wilayah', NULL),
(2, 1, 'tempat', NULL),
(3, 1, 'habitat', NULL),
(4, 1, 'ruang', 1),
(5, 2, 'Eurasia, Indo-Australia, dan Pasifik', 1),
(6, 2, 'Eurasia, Pasifik, dan Amerika', NULL),
(7, 2, 'India, Eurasia, dan Hindia', NULL),
(8, 2, 'Pasifik, Indo-Australia, dan Antartika', NULL),
(9, 3, '12.00 WIT', 1),
(10, 3, '11.00 WIT', NULL),
(11, 3, '9.00 WIT', NULL),
(12, 3, '8.00 WIT', NULL),
(13, 4, 'jalan raya', NULL),
(14, 4, 'danau', NULL),
(15, 4, 'permukiman', 1),
(16, 4, 'hutan', NULL),
(17, 5, 'Sungai Serayu', NULL),
(18, 5, 'Sungai Mamberamo', NULL),
(19, 5, 'Batang Hari', 1),
(20, 5, 'Sungai Barito', NULL),
(21, 6, 'emas', 1),
(22, 6, 'minyak bumi', NULL),
(23, 6, 'timah', NULL),
(24, 6, 'tembaga', NULL),
(25, 7, 'Batak', NULL),
(26, 7, 'Minahasa', NULL),
(27, 7, 'Anak Dalam', NULL),
(28, 7, 'Minangkabau', 1),
(29, 8, 'menggiatkan kampanye banyak anak banyak rezeki', NULL),
(30, 8, 'mendorong pernikahan usia muda', NULL),
(31, 8, 'menghilangkan undang-undang yang mengatur batas usia menikah', NULL),
(32, 8, 'meningkatkan program keluarga berencana', 1),
(33, 9, 'intensitas curah hujan yang sangat tinggi', NULL),
(34, 9, 'berkurangnya daerah resapan air', 1),
(35, 9, 'meningkatnya sampah di perkotaan', NULL),
(36, 9, 'penyempitan badan aliran sungai', NULL),
(37, 10, 'sosial dan budaya', NULL),
(38, 10, 'komposisi penduduk', NULL),
(39, 10, 'penggunaan lahan', NULL),
(40, 10, 'orientasi mata pencaharian', 1),
(41, 11, 'sosial', NULL),
(42, 11, 'ekonomi', 1),
(43, 11, 'kebudayaan', NULL),
(44, 11, 'pendidikan', NULL),
(56, 19, 'Manis', NULL),
(57, 19, 'Buruk', NULL),
(58, 19, 'Jelek', 1),
(59, 19, 'Biasa', NULL),
(60, 20, 'Menawan', NULL),
(61, 20, 'Rendah Hati', 1),
(62, 20, 'Jelek', NULL),
(63, 20, 'Buruk', NULL),
(64, 21, 'Manis', NULL),
(65, 21, 'Buruk', NULL),
(66, 21, 'Jelek', 1),
(67, 21, 'Biasa', NULL),
(68, 22, 'Menawan', NULL),
(69, 22, 'Rendah Hati', 1),
(70, 22, 'Jelek', NULL),
(71, 22, 'Buruk', NULL);

-- --------------------------------------------------------

--
-- Table structure for table `pendaftaran`
--

CREATE TABLE `pendaftaran` (
  `id` bigint(20) UNSIGNED NOT NULL,
  `jadwal_id` bigint(20) UNSIGNED NOT NULL,
  `jabatan_id` bigint(20) UNSIGNED NOT NULL,
  `divisi_id` bigint(20) UNSIGNED NOT NULL,
  `kuota` int(11) NOT NULL
) ENGINE=InnoDB DEFAULT CHARSET=utf8mb4;

--
-- Dumping data for table `pendaftaran`
--

INSERT INTO `pendaftaran` (`id`, `jadwal_id`, `jabatan_id`, `divisi_id`, `kuota`) VALUES
(1, 1, 1, 1, 2),
(2, 2, 2, 2, 1),
(3, 2, 3, 2, 1),
(4, 3, 1, 3, 4),
(5, 3, 1, 4, 3);

-- --------------------------------------------------------

--
-- Table structure for table `soal`
--

CREATE TABLE `soal` (
  `id` bigint(20) UNSIGNED NOT NULL,
  `kode_soal` varchar(100) NOT NULL,
  `nama` varchar(100) NOT NULL,
  `waktu` int(11) NOT NULL
) ENGINE=InnoDB DEFAULT CHARSET=utf8mb4;

--
-- Dumping data for table `soal`
--

INSERT INTO `soal` (`id`, `kode_soal`, `nama`, `waktu`) VALUES
(1, 'S001', 'Tes Karyawan Gudang', 120),
(2, 'S002', 'Tes Loker IT dan Admin', 60),
(20, 'S003', 'Tes Potensi Akademik', 60),
(21, 'S004', 'Tes Potensi Akademik', 60);

-- --------------------------------------------------------

--
-- Table structure for table `soal_detail`
--

CREATE TABLE `soal_detail` (
  `id` bigint(20) UNSIGNED NOT NULL,
  `soal_id` bigint(11) UNSIGNED NOT NULL,
  `deskripsi` text NOT NULL,
  `bobot` int(10) NOT NULL
) ENGINE=InnoDB DEFAULT CHARSET=utf8mb4;

--
-- Dumping data for table `soal_detail`
--

INSERT INTO `soal_detail` (`id`, `soal_id`, `deskripsi`, `bobot`) VALUES
(1, 1, 'Tempat di permukaan bumi, baik secara keseluruhan maupun hanya sebagian yang digunakan oleh makhluk hidup untuk   tinggal disebut….', 20),
(2, 1, 'Secara geologis, Indonesia terletak di zona pertemuan tiga lempeng besar dunia, yaitu….', 20),
(3, 1, 'Jika di Bogor menunjukkan waktu pukul 10.00 WIB, maka waktu di Jayapura menunjukkan waktu pukul', 20),
(4, 1, 'Contoh objek yang bisa digambarkan dengan warna hijau pada peta adalah', 20),
(5, 1, 'Berikut ini sungai yang terdapat di Pulau Sumatra adalah', 20),
(6, 2, 'Daerah yang ditunjukkan oleh huruf X merupakan daerah penghasil….', 20),
(7, 2, 'Suku yang berasal dari Provinsi Sumatra Barat adalah', 20),
(8, 2, 'Indonesia merupakan negara dengan jumlah penduduk terbanyak keempat di dunia. Hal ini disebabkan oleh pertumbuhan penduduknya yang tinggi. Upaya yang bisa dilakukan untuk menekan angka pertumbuhan penduduk Indonesia adalah', 20),
(9, 2, 'Puncak, Bogor merupakan salah satu daerah tujuan wisata penduduk perkotaan, terutama Jakarta dan Depok. Hal ini menjadikan terjadinya peningkatan pembangunan villa-villa dan penginapan di Puncak. Namun, pembangunan ini menjadikan potensi banjir di Jakarta semakin meningkat. Faktor yang menyebabkan hal tersebut terjadi adalah', 20),
(10, 2, 'Perubahan pekerjaan dari yang tadinya berorientasi pada sumber daya alam seperti petani menjadi pekerjaan yang berorientasi pada kegiatan industri dan jasa, merupakan dampak dari interaksi antarruang dalam bidang', 20),
(11, 2, 'Kegiatan pada gambar tersebut menunjukkan adanya sebuah interaksi di bidang ', 15),
(19, 20, 'Antonim Cantik adalah', 10),
(20, 20, 'Sinonim Baik adalah', 10),
(21, 21, 'Antonim Cantik adalah', 10),
(22, 21, 'Sinonim Baik adalah', 10);

-- --------------------------------------------------------

--
-- Table structure for table `soal_divisi`
--

CREATE TABLE `soal_divisi` (
  `soal_id` bigint(20) UNSIGNED NOT NULL,
  `divisi_id` bigint(20) UNSIGNED NOT NULL
) ENGINE=InnoDB DEFAULT CHARSET=utf8mb4;

--
-- Dumping data for table `soal_divisi`
--

INSERT INTO `soal_divisi` (`soal_id`, `divisi_id`) VALUES
(1, 5),
(2, 1),
(2, 2),
(1, 5),
(2, 1),
(2, 2),
(20, 3),
(20, 4),
(21, 3);

-- --------------------------------------------------------

--
-- Table structure for table `soal_jabatan`
--

CREATE TABLE `soal_jabatan` (
  `soal_id` bigint(20) UNSIGNED NOT NULL,
  `jabatan_id` bigint(20) UNSIGNED NOT NULL
) ENGINE=InnoDB DEFAULT CHARSET=utf8mb4;

--
-- Dumping data for table `soal_jabatan`
--

INSERT INTO `soal_jabatan` (`soal_id`, `jabatan_id`) VALUES
(1, 1),
(1, 2),
(2, 1),
(2, 2),
(2, 3),
(1, 1),
(1, 2),
(2, 1),
(2, 2),
(2, 3),
(20, 2),
(20, 3),
(21, 1),
(21, 2);

-- --------------------------------------------------------

--
-- Table structure for table `universitas`
--

CREATE TABLE `universitas` (
  `id` bigint(20) UNSIGNED NOT NULL,
  `nama` varchar(255) NOT NULL,
  `peringkat` enum('A','B','C') DEFAULT NULL
) ENGINE=InnoDB DEFAULT CHARSET=utf8mb4;

--
-- Dumping data for table `universitas`
--

INSERT INTO `universitas` (`id`, `nama`, `peringkat`) VALUES
(1, 'Akademi Akuntansi (AKTAN) Boekittinggi', 'C'),
(2, 'Akademi Akuntansi dan Manajemen Pembangunan', 'C'),
(3, 'Akademi Akuntansi Effendi Harahap', 'C'),
(4, 'Akademi Akuntansi Indonesia Padang', 'C'),
(5, 'Akademi Akuntansi Keuangan dan Perbankan Indonesia', 'C'),
(6, 'Akademi Akuntansi Lampung', 'B'),
(7, 'Akademi Akuntansi Riau', 'C'),
(8, 'Akademi Akuntansi YKPN', 'A'),
(9, 'Akademi Akuntansi YPK Medan', 'C'),
(10, 'Akademi Analis Farmasi dan Makanan Putra Indonesia Malang', 'C'),
(11, 'Akademi Analis Farmasi Dan Makanan Sunan Giri', 'C'),
(12, 'Akademi Analis Kesehatan 17 Agustus 1945 Semarang', 'C'),
(13, 'Akademi Analis Kesehatan An-Nasher', 'C'),
(14, 'Akademi Analis Kesehatan Borneo Lestari Banjarbaru', 'C'),
(15, 'Akademi Analis Kesehatan Delima Husada Gresik', 'C'),
(16, 'Akademi Analis Kesehatan Harapan Bangsa', 'C'),
(17, 'Akademi Analis Kesehatan Manggala Yogyakarta', 'C'),
(18, 'Akademi Analis Kesehatan Pekalongan', 'C'),
(19, 'Akademi Angkatan Laut Surabaya', 'A'),
(20, 'Akademi Angkatan Udara (AAU)', 'A'),
(21, 'Akademi Bahasa Asing Balikpapan', 'C'),
(22, 'Akademi Bahasa Asing Harapan Bangsa', 'C'),
(23, 'Akademi Bahasa Asing Persada Bunda', 'C'),
(24, 'Akademi Farmasi 17 Agustus 1945 Semarang', 'C'),
(25, 'Akademi Farmasi Bhumi Husada', 'C'),
(26, 'Akademi Farmasi Bina Farmasi', 'C'),
(27, 'Akademi Farmasi Bumi Siliwangi', 'C'),
(28, 'Akademi Farmasi Dwi Farma', 'C'),
(29, 'Akademi Farmasi Imam Bonjol', 'C'),
(30, 'Akademi Farmasi Indonesia Yogyakarta', 'C'),
(31, 'Akademi Farmasi Jember', 'B'),
(32, 'Akademi Farmasi Kusuma Husada Purwokerto', NULL),
(33, 'Akademi Farmasi Mitra Sehat Mandiri Sidoarjo', 'C'),
(34, 'Akademi Farmasi Nusaputera Semarang', 'B'),
(35, 'Akademi Farmasi Prayoga Padang', 'C'),
(36, 'Akademi Farmasi Putera Indonesia Malang', 'C'),
(37, 'Akademi Farmasi Surabaya', 'B'),
(38, 'Akademi Farmasi Yamasi Makassar', 'C'),
(39, 'Akademi Farmasi Yarsi Pontianak', 'B'),
(40, 'Akademi Farmasi YPF', 'C'),
(41, 'Akademi Fisioterapi ST Lukas Tomohon', 'C'),
(42, 'Akademi Fisioterapi Widya Husada', 'C'),
(43, 'Akademi Gizi Karya Husada Kediri', 'C'),
(44, 'Akademi Informatika dan Komputer Medicom', 'C'),
(45, 'Akademi Kebidanan Aisyiyah Serang', 'B'),
(46, 'Akademi Kebidanan Al-Ikhlas Cisarua', 'C'),
(47, 'Akademi Kebidanan Al-Su\'aibah Palembang', 'C'),
(48, 'Akademi Kebidanan Alifa Pringsewu Lampung', 'C'),
(49, 'Akademi Kebidanan Anugerah Bintan', 'B'),
(50, 'Akademi Kebidanan Ar-Rahmah Bandung', 'C'),
(51, 'Akademi Kebidanan As-Syifa Kisaran', 'B'),
(52, 'Akademi Kebidanan Assyifa Tangerang', 'C'),
(53, 'Akademi Kebidanan Bakti Nusantara Rantepao', 'C'),
(54, 'Akademi Kebidanan Bandung', 'C'),
(55, 'Akademi Kebidanan Banjarbaru', 'C'),
(56, 'Akademi Kebidanan Baruna Husada Sibuhuan', 'C'),
(57, 'Akademi Kebidanan Batari Toja', 'C'),
(58, 'Akademi Kebidanan Betang Asi Raya', 'C'),
(59, 'Akademi Kebidanan Bhakti Asih Cileduk', 'C'),
(60, 'Akademi Kebidanan Bina Husada', 'C'),
(61, 'Akademi Kebidanan Bina Husada Serang', 'C'),
(62, 'Akademi Kebidanan Bina Sehat Nusantara', 'C'),
(63, 'Akademi Kebidanan Borneo Medistra', 'C'),
(64, 'Akademi Kebidanan Budi Mulia', 'C'),
(65, 'Akademi Kebidanan Budi Mulia Palembang', 'C'),
(66, 'Akademi Kebidanan Budi Mulia Prabumulih', 'C'),
(67, 'Akademi Kebidanan Bunga Bangsaku Bangka', 'C'),
(68, 'Akademi Kebidanan Bunga Husada', 'C'),
(69, 'Akademi Kebidanan Bunga Kalimantan', 'B'),
(70, 'Akademi Kebidanan Buton Raya', 'C'),
(71, 'Akademi Kebidanan Cianjur', 'C'),
(72, 'Akademi Kebidanan Citama Raya Depok', 'C'),
(73, 'Akademi Kebidanan Dharma Husada Kediri', 'B'),
(74, 'Akademi Kebidanan Dharma Praja Bondowoso', 'C'),
(75, 'Akademi Kebidanan Gatra Buana Gurabati Tidore', 'C'),
(76, 'Akademi Kebidanan Graha Husada Cirebon', 'C'),
(77, 'Akademi Kebidanan Graha Husada Sampang', 'C'),
(78, 'Akademi Kebidanan Graha Mandiri Cilacap', 'B'),
(79, 'Akademi Kebidanan Griya Husada', 'B'),
(80, 'Akademi Kebidanan Hang Jebat', 'C'),
(81, 'Akademi Kebidanan Harapan Bunda Bima', 'C'),
(82, 'Akademi Kebidanan Harapan Ibu Langsa', 'C'),
(83, 'Akademi Kebidanan Harapan Ibu Pekalongan', 'C'),
(84, 'Akademi Kebidanan Harapan Keluarga', 'B'),
(85, 'Akademi Kebidanan Harapan Mulya Ponorogo', 'C'),
(86, 'Akademi Kebidanan Husada Gemilang', 'C'),
(87, 'Akademi Kebidanan Ika Bina Labuhan Batu', 'C'),
(88, 'Akademi Kebidanan Indragiri', 'C'),
(89, 'Akademi Kebidanan Isma Husada Cirebon', 'C'),
(90, 'Akademi Kebidanan Jakarta Mitra Sejahtera', 'C'),
(91, 'Akademi Kebidanan Jember', 'B'),
(92, 'Akademi Kebidanan Kartini Jakarta', 'C'),
(93, 'Akademi Kebidanan Karya Bunda Husada', 'B'),
(94, 'Akademi Kebidanan Kharisma Husada Binjai', 'C'),
(95, 'Akademi Kebidanan Kutai Husada', 'C'),
(96, 'Akademi Kebidanan Langkat', 'C'),
(97, 'Akademi Kebidanan Lapatau Bone Watampone', 'C'),
(98, 'Akademi Kebidanan Madani Sinjai', 'C'),
(99, 'Akademi Kebidanan Madina Husada', 'C'),
(100, 'Akademi Kebidanan Mandiri Gresik', 'C'),
(101, 'Akademi Kebidanan Mardi Rahayu', 'C'),
(102, 'Akademi Kebidanan Minasa Upa', 'C'),
(103, 'Akademi Kebidanan Muslimat Nahdlatul Ulama Kudus', 'C'),
(104, 'Akademi Kebidanan Palapa Husada', 'B'),
(105, 'Akademi Kebidanan Palu Sulawesi Tengah', 'C'),
(106, 'Akademi Kebidanan Paluta Husada', 'C'),
(107, 'Akademi Kebidanan Panca Bhakti Pontianak', 'B'),
(108, 'Akademi Kebidanan Paramata Raha', 'C'),
(109, 'Akademi Kebidanan Pasaman Barat', 'C'),
(110, 'Akademi Kebidanan Pemkot Tebing Tinggi', 'C'),
(111, 'Akademi Kebidanan Pondok Pesantren Assanadiyah', 'C'),
(112, 'Akademi Kebidanan Prima Husada', 'C'),
(113, 'Akademi Kebidanan Prima Indonesia', 'C'),
(114, 'Akademi Kebidanan Puteri Andalas Padang', 'C'),
(115, 'Akademi Kebidanan Putra Jaya Mandiri Batam', 'C'),
(116, 'Akademi Kebidanan Rangga Husada Prabumulih', 'C'),
(117, 'Akademi Kebidanan Rizki Patya', 'C'),
(118, 'Akademi Kebidanan Sayid Sabiq Indramayu', 'C'),
(119, 'Akademi Kebidanan Sehati', 'C'),
(120, 'Akademi Kebidanan Sinar Kasih Toraja', 'C'),
(121, 'Akademi Kebidanan Singkawang', 'C'),
(122, 'Akademi Kebidanan Sukawati Lawang', 'C'),
(123, 'Akademi Kebidanan Tahirah Al-Baeti Bulukumba', 'C'),
(124, 'Akademi Kebidanan Umi Bagan Batu', 'C'),
(125, 'Akademi Kebidanan Wahana Husada Bandar Jaya', 'C'),
(126, 'Akademi Kebidanan Wijaya Husada', 'C'),
(127, 'Akademi Kebidanan Wiyata Mitra Husada Nganjuk', 'C'),
(128, 'Akademi Kebidanan Yapma Makassar', 'C'),
(129, 'Akademi Kelautan Banyuwangi', 'C'),
(130, 'Akademi Keperawatan Al-Ikhlas Cisarua', 'C'),
(131, 'Akademi Keperawatan Alkautsar Temanggung', 'C'),
(132, 'Akademi Keperawatan Baiturrahmah', 'C'),
(133, 'Akademi Keperawatan Bala Keselamatan', 'C'),
(134, 'Akademi Keperawatan Batari Toja Watampone', 'C'),
(135, 'Akademi Keperawatan Bethesda Serukam', 'C'),
(136, 'Akademi Keperawatan Bethesda Tomohon', 'B'),
(137, 'Akademi Keperawatan Bina Insan Jakarta', 'B'),
(138, 'Akademi Keperawatan Bina Insani Sakti', 'C'),
(139, 'Akademi Keperawatan Dharma Husada Kediri', 'C'),
(140, 'Akademi Keperawatan Dharma Insan', 'C'),
(141, 'Akademi Keperawatan Dian Husada', 'B'),
(142, 'Akademi Keperawatan Fatmawati', 'C'),
(143, 'Akademi Keperawatan Giri Satria Husada', 'C'),
(144, 'Akademi Keperawatan Gita Matura Abadi Kisaran', 'C'),
(145, 'Akademi Keperawatan Gunung Maria', 'C'),
(146, 'Akademi Keperawatan Hermina Manggala Husada', 'B'),
(147, 'Akademi Keperawatan HKBP Balige', NULL),
(148, 'Akademi Keperawatan Husada Karya Jaya', 'C'),
(149, 'Akademi Keperawatan Ibnu Sina Kota Sabang', 'C'),
(150, 'Akademi Keperawatan Insan Husada Surakarta', 'B'),
(151, 'Akademi Keperawatan Jabal Ghafur', NULL),
(152, 'Akademi Keperawatan Karya Bhakti Nusantara', 'B'),
(153, 'Akademi Keperawatan Kesdam I/Bukit Barisan Medan', 'B'),
(154, 'Akademi Keperawatan Kesdam I/Bukit Barisan Padang', 'B'),
(155, 'Akademi Keperawatan Kesdam I/Bukit Barisan Pematang Siantar', 'B'),
(156, 'Akademi Keperawatan Kesdam Iskandar Muda Banda Aceh', 'C'),
(157, 'Akademi Keperawatan Kesdam Iskandar Muda Lhokseumawe', 'C'),
(158, 'Akademi Keperawatan Kesdam VI/Tanjung Pura', 'C'),
(159, 'Akademi Keperawatan Kosgoro Mojokerto', 'C'),
(160, 'Akademi Keperawatan Krida Husada', 'B'),
(161, 'Akademi Keperawatan Lapatau Bone Watampone', 'C'),
(162, 'Akademi Keperawatan Malahayati Medan', 'B'),
(163, 'Akademi Keperawatan Mappa Oudang Makassar', 'C'),
(164, 'Akademi Keperawatan Metuari Waya Manado', 'C'),
(165, 'Akademi Keperawatan Nabila', 'B'),
(166, 'Akademi Keperawatan Pasar Rebo Jakarta', 'C'),
(167, 'Akademi Keperawatan Patria Husada Surakarta', 'C'),
(168, 'Akademi Keperawatan Pemerintah Kab Purworejo', 'B'),
(169, 'Akademi Keperawatan Pemkab Tapanuli Utara', 'C'),
(170, 'Akademi Keperawatan PPNI Kendari', 'C'),
(171, 'Akademi Keperawatan RS Dustira', 'C'),
(172, 'Akademi Keperawatan RS Marthen Indey', 'C'),
(173, 'Akademi Keperawatan RSP TNI-AU Jakarta', 'C'),
(174, 'Akademi Keperawatan Rumkit Tingkat III Manado', 'C'),
(175, 'Akademi Keperawatan Saifuddin Zuhri', 'B'),
(176, 'Akademi Keperawatan Sawerigading Pemda Luwu', 'C'),
(177, 'Akademi Keperawatan Setih Setio', 'C'),
(178, 'Akademi Keperawatan Widya Husada', 'B'),
(179, 'Akademi Keperawatan Wirahusada Medan', 'C'),
(180, 'Akademi Keperawatan Yapenas 21 Maros', 'C'),
(181, 'Akademi Keperawatan Yappi Sragen', 'B'),
(182, 'Akademi Keperawatan Yaspen Jakarta', 'C'),
(183, 'Akademi Keperawatan Yatna Yuana Lebak', 'C'),
(184, 'Akademi Keperawatan Yayasan Jalan Kimia', 'C'),
(185, 'Akademi Keperawatan Yayasan Pendidikan Imam Bonjol Majalengka', 'C'),
(186, 'Akademi Keperawatan YKY Yogyakarta', 'B'),
(187, 'Akademi Keperawatan YPSBR Muara Bulian', 'C'),
(188, 'Akademi Kepolisian', 'A'),
(189, 'Akademi Kesehatan Asih Husada', 'C'),
(190, 'Akademi Kesehatan Gigi Ditkesad Jakarta', 'B'),
(191, 'Akademi Kesehatan Gigi Karya Adi Husada Mataram', 'C'),
(192, 'Akademi Kesehatan John Paul II Pekanbaru', 'C'),
(193, 'Akademi Kesehatan Rustida', 'C'),
(194, 'Akademi Kesejahteraan Sosial Akk', 'C'),
(195, 'Akademi Kesejahteraan Sosial Ibu Kartini', 'C'),
(196, 'Akademi Keuangan Dan Bank Mulia Darma Pratama', 'C'),
(197, 'Akademi Keuangan Dan Perbankan Effata Kupang', 'C'),
(198, 'Akademi Keuangan dan Perbankan Graha Arta Khatulistiwa', 'C'),
(199, 'Akademi Keuangan Dan Perbankan Padang', 'C'),
(200, 'Akademi Keuangan Perbankan Nusantara', NULL),
(201, 'Akademi Kimia Analis Caraka Nusantara', 'C'),
(202, 'Akademi Komunikasi Media Radio dan TV Jakarta', 'C'),
(203, 'Akademi Komunikasi Radya Binatama', 'C'),
(204, 'Akademi Komunitas Industri Tekstil dan Produk Tekstil Surakarta', 'C'),
(205, 'Akademi Komunitas Olat Maras', NULL),
(206, 'Akademi Komunitas Semen Indonesia Rembang', 'C'),
(207, 'Akademi Kuliner dan Patiseri Ottimmo Internasional', 'B'),
(208, 'Akademi Manajemen Administrasi Dharmala', 'C'),
(209, 'Akademi Manajemen Administrasi Yogyakarta', 'B'),
(210, 'Akademi Manajemen Belitung', 'C'),
(211, 'Akademi Manajemen Bumi Sebalo Bengkayang', NULL),
(212, 'Akademi Manajemen Informatika Dan Komputer Bogor', 'C'),
(213, 'Akademi Manajemen Informatika dan Komputer Bukittinggi', 'C'),
(214, 'Akademi Manajemen Informatika dan Komputer Citra Buana Indonesia', 'C'),
(215, 'Akademi Manajemen Informatika Dan Komputer Dumai', 'C'),
(216, 'Akademi Manajemen Informatika Dan Komputer Garut', 'C'),
(217, 'Akademi Manajemen Informatika dan Komputer Harapan Bangsa Surakarta', 'C'),
(218, 'Akademi Manajemen Informatika Dan Komputer Hass', 'C'),
(219, 'Akademi Manajemen Informatika dan Komputer Jakarta Teknologi Cipta', 'B'),
(220, 'Akademi Manajemen Informatika dan Komputer Kosgoro', 'C'),
(221, 'Akademi Manajemen Informatika dan Komputer Lembah Dempo', 'C'),
(222, 'Akademi Manajemen Informatika dan Komputer Luwuk Banggai', 'C'),
(223, 'Akademi Manajemen Informatika dan Komputer Serang', 'C'),
(224, 'Akademi Manajemen Informatika Dan Komputer Taruna', 'C'),
(225, 'Akademi Manajemen Informatika dan Komputer Tri Dharma', 'C'),
(226, 'Akademi Manajemen Informatika Dan Komputer YPAT', 'C'),
(227, 'Akademi Manajemen Komputer dan Informatika Ketapang', NULL),
(228, 'Akademi Manajemen Koperasi Tantular', NULL),
(229, 'Akademi Maritim Belawan', 'C'),
(230, 'Akademi Maritim Bina Bahari', 'C'),
(231, 'Akademi Maritim Cirebon', 'B'),
(232, 'Akademi Maritim Djadajat', 'C'),
(233, 'Akademi Maritim Nasional Jakarta Jaya', 'C'),
(234, 'Akademi Maritim Nusantara Banjarmasin', 'C'),
(235, 'Akademi Maritim Nusantara Cilacap', 'B'),
(236, 'Akademi Maritim Sapta Samudra', 'C'),
(237, 'Akademi Maritim Suaka Bahari', 'C'),
(238, 'Akademi Metrologi dan Instrumentasi', 'C'),
(239, 'Akademi Militer Magelang', 'A'),
(240, 'Akademi Minyak Dan Gas Balongan', 'C'),
(241, 'Akademi Pariwisata BSI Bandung', 'C'),
(242, 'Akademi Pariwisata dan Perhotelan Darma Agung Medan', 'B'),
(243, 'Akademi Pariwisata dan Perhotelan Ganesha', 'C'),
(244, 'Akademi Pariwisata Indonesia', 'C'),
(245, 'Akademi Pariwisata Majapahit', 'B'),
(246, 'Akademi Pariwisata Mandala Bhakti', 'C'),
(247, 'Akademi Pariwisata Nasional Banjarmasin', 'C'),
(248, 'Akademi Pariwisata Nasional Jakarta', 'C'),
(249, 'Akademi Pariwisata Nusantara Tangerang', 'C'),
(250, 'Akademi Pariwisata Paramitha Bukittinggi', 'C'),
(251, 'Akademi Pariwisata Paramitha Jakarta', 'C'),
(252, 'Akademi Pariwisata Siliwangi', NULL),
(253, 'Akademi Pelayaran Nasional Surakarta', 'B'),
(254, 'Akademi Perawatan RS PGI Cikini', 'C'),
(255, 'Akademi Perekam dan Informasi Kesehatan Iris', 'C'),
(256, 'Akademi Perekam Medis & Informatika Kesehatan Bandung', 'C'),
(257, 'Akademi Perekam Medis dan Informasi Kesehatan Widya Dharma', 'C'),
(258, 'Akademi Perikanan Bhima Sakti', 'C'),
(259, 'Akademi Pertanian Yogyakarta', 'C'),
(260, 'Akademi Peternakan Karanganyar', 'C'),
(261, 'Akademi Refraksi Optisi Surabaya', 'C'),
(262, 'Akademi Refraksi Optisi YLPTK SB', 'C'),
(263, 'Akademi Sekretari & Manajemen Dharma Budhi Bhakti', 'C'),
(264, 'Akademi Sekretari Dan Manajemen Ariyanti', 'C'),
(265, 'Akademi Sekretari Dan Manajemen Desanta', 'C'),
(266, 'Akademi Sekretari Dan Manajemen Don Bosco', 'C'),
(267, 'Akademi Sekretari Dan Manajemen Indonesia Surabaya', 'C'),
(268, 'Akademi Sekretari Dan Manajemen Kencana Bandung', NULL),
(269, 'Akademi Sekretari Dan Manajemen Lepisi', 'C'),
(270, 'Akademi Sekretari Manajemen Indonesia Pontianak', 'C'),
(271, 'Akademi Sekretari Manajemen Taruna Bakti', 'C'),
(272, 'Akademi Sekretari Marsudirini Santa Maria', 'C'),
(273, 'Akademi Sekretari Saint Theresia', NULL),
(274, 'Akademi Sekretaris Manajemen Indonesia Citra Nusantara', 'C'),
(275, 'Akademi Seni Rupa Dan Desain ISWI Jakarta', 'C'),
(276, 'Akademi Statistika Muhammadiyah Semarang', 'B'),
(277, 'Akademi Tata Boga Bandung', 'C'),
(278, 'Akademi Teknik Adikarya', 'C'),
(279, 'Akademi Teknik Deli Serdang', 'C'),
(280, 'Akademi Teknik Elektro Medik', 'C'),
(281, 'Akademi Teknik Indonesia Cut Meutia', 'C'),
(282, 'Akademi Teknik PIKA', 'C'),
(283, 'Akademi Teknik Radiodiagnostik dan Radioterapi Nusantara', 'C'),
(284, 'Akademi Teknik Soroako', 'B'),
(285, 'Akademi Teknik Telekomunikasi Sandhy Putra Jakarta', 'B'),
(286, 'Akademi Teknik Tirta Wiyata', 'C'),
(287, 'Akademi Teknologi AUB', 'C'),
(288, 'Akademi Teknologi Bogor', 'C'),
(289, 'Akademi Teknologi Industri Immanuel', 'C'),
(290, 'Akademi Telekomunikasi Bogor', 'C'),
(291, 'Akademi Televisi Indonesia', 'C'),
(292, 'Akbid Gemilang Husada Kotabumi', 'C'),
(293, 'Akdemi Kebidanan Kholisatur Rahmi', 'C'),
(294, 'AKTEK Radiodiagnostik & Terapi Citra Intan Persada', NULL),
(295, 'AKTEK Radiodiagnostik Dan Radioterapi Bali', 'B'),
(296, 'AMIK Datuk Parpatiah Nan Sabatang Padang', 'C'),
(297, 'AMIK Depati Parbo Kerinci', NULL),
(298, 'AMIK Ibnu Khaldum Palopo', 'C'),
(299, 'AMIK Indonesia', 'C'),
(300, 'AMIK Mahaputra Riau', 'C'),
(301, 'AMIK Mapan Tangerang', 'C'),
(302, 'AMIK Medan Business Polytechnic', 'C'),
(303, 'AMIK Mitra Gama', 'C'),
(304, 'AMIK PGRI Kebumen', 'C'),
(305, 'AMIK Purnama Niaga', 'C'),
(306, 'AMIK Selat Panjang', 'C'),
(307, 'AMIK Sultan Agung', 'C'),
(308, 'AMIK Tunas Bangsa', 'C'),
(309, 'AMIK Veteran Purwokerto', 'C'),
(310, 'ASM Marsudirini Santa Maria', 'C'),
(311, 'IAI Agus Salim Metro Lampung', 'C'),
(312, 'IAIN Ambon', 'B'),
(313, 'IAIN Bengkulu', 'B'),
(314, 'IAIN Bukittinggi', 'B'),
(315, 'IAIN Jember', 'B'),
(316, 'IAIN Kendari', 'B'),
(317, 'IAIN Langsa', 'B'),
(318, 'IAIN Manado', 'B'),
(319, 'IAIN Palopo', 'B'),
(320, 'IAIN Pontianak', 'B'),
(321, 'IAIN Purwokerto', 'B'),
(322, 'IAIN Salatiga', 'B'),
(323, 'IAIN Sultan Amai Gorontalo', 'B'),
(324, 'IAIN Surakarta', 'B'),
(325, 'IAIN Syekh Nurjati Cirebon', 'B'),
(326, 'IAIN Ternate', 'B'),
(327, 'IAIN Tulungagung', 'B'),
(328, 'Iisip Yapis Biak', 'C'),
(329, 'IKIP Budi Utomo', 'B'),
(330, 'IKIP Gunung Sitoli', 'C'),
(331, 'IKIP Muhammadiyah Maumere', 'C'),
(332, 'IKIP PGRI Bojonegoro', 'C'),
(333, 'IKIP PGRI Kaltim', 'B'),
(334, 'IKIP PGRI Pontianak', 'B'),
(335, 'IKIP PGRI Wates', 'B'),
(336, 'IKIP Veteran Jawa Tengah', 'B'),
(337, 'Institut  Teknologi Telkom Surabaya', 'C'),
(338, 'Institut Agama Hindu Negeri Tampung Penyang Palangka Raya', 'C'),
(339, 'Institut Agama Islam  Muhammadiyah Sinjai', 'C'),
(340, 'Institut Agama Islam (IAI) Al-Azhaar Lubuklinggau', 'C'),
(341, 'Institut Agama Islam (IAI) Al-Aziziyah Samalanga Biereun Aceh', 'C'),
(342, 'Institut Agama Islam (IAI) Al-Khoziny', 'C'),
(343, 'Institut Agama Islam (IAI) Al-Qolam', 'C'),
(344, 'Institut Agama Islam (IAI) Bani Fattah Jombang', 'C'),
(345, 'Institut Agama Islam (IAI) Nurul Hakim Kediri Lombok Barat NTB', 'C'),
(346, 'Institut Agama Islam (IAI) Pangeran Diponegoro Nganjuk', 'C'),
(347, 'Institut Agama Islam (IAI) Syarifuddin Wonorejo Lumajang', 'B'),
(348, 'Institut Agama Islam Al Mawaddah Warrahmah Kolaka Sulawesi Tenggara', 'C'),
(349, 'Institut Agama Islam Al-Amanah Jeneponto', 'C'),
(350, 'Institut Agama Islam Al-Falah As-Sunniyah Kencong Jember Jawa Timur', 'C'),
(351, 'Institut Agama Islam Al-Hikmah Tuban', 'C'),
(352, 'Institut Agama Islam Al-Khairat Pamekasan Jawa Timur', 'C'),
(353, 'Institut Agama Islam Al-Qodiri Jember', 'C'),
(354, 'Institut Agama Islam An Nur lampung', 'C'),
(355, 'Institut Agama Islam As Siddiq Kie Raha Maluku Utara', 'C'),
(356, 'Institut Agama Islam As\'adiyah Sengkang', 'C'),
(357, 'Institut Agama Islam Az-Zaytun Indonesia', 'C'),
(358, 'Institut Agama Islam Bakti Negara Tegal', 'C'),
(359, 'Institut Agama Islam Banten', 'C'),
(360, 'Institut Agama Islam Bunga Bangsa Cirebon', 'C'),
(361, 'Institut Agama Islam Cipasung (IAIC) Tasikmalaya', 'C'),
(362, 'Institut Agama Islam Cirebon', 'C'),
(363, 'Institut Agama Islam Daar Al-Ulum (IAIDU) Asahan Sumatera Utara', 'C'),
(364, 'Institut Agama Islam Darul Da\'wah Wal Irsyad Polewali Mandar', 'C'),
(365, 'Institut Agama Islam Darullughah Wadda\'wah Bangil Pasuruan', 'B'),
(366, 'Institut Agama Islam Darussalam (IAID) Ciamis Jawa Barat', 'B'),
(367, 'Institut Agama Islam Darussalam Martapura Kalimantan Selatan', 'C'),
(368, 'Institut Agama Islam Faqih Asy\'ari Kediri', 'C'),
(369, 'Institut Agama Islam Hamzanwadi NW Lombok Timur', 'C'),
(370, 'Institut Agama Islam Hamzanwadi NW Pancor Lombok Timur', 'C'),
(371, 'Institut Agama Islam Ibrahimy Genteng Banyuwangi', 'C'),
(372, 'Institut Agama Islam Imam Ghozali Cilacap', 'B'),
(373, 'Institut Agama Islam Jami`at Khair Jakarta Pusat', 'C'),
(374, 'Institut Agama Islam Latifah Mubarokiyah (IAILM) Suryalaya Tasikmalaya', 'C'),
(375, 'Institut Agama Islam Ma\'arif NU (IAIMNU) Metro Lampung', 'B'),
(376, 'Institut Agama Islam Miftahul Ulum Pamekasan', 'C'),
(377, 'Institut Agama Islam Muhammad Azim Jambi', 'C'),
(378, 'Institut Agama Islam Muhammadiyah Bima', 'C'),
(379, 'Institut Agama Islam Nahdlatul Ulama (IAI NU) Kebumen', 'C'),
(380, 'Institut Agama Islam Nahdlatul Ulama Tuban', 'C'),
(381, 'Institut Agama Islam Nasional Laa Roiba Bogor Jawa Barat', 'C'),
(382, 'Institut Agama Islam Negeri Batusangkar', 'B'),
(383, 'Institut Agama Islam Negeri Bone', 'B'),
(384, 'Institut Agama Islam Negeri Curup', 'B'),
(385, 'Institut Agama Islam Negeri Fattahul Muluk Papua', 'B'),
(386, 'Institut Agama Islam Negeri Kediri', 'B'),
(387, 'Institut Agama Islam Negeri Kerinci', 'C'),
(388, 'Institut Agama Islam Negeri Kudus', 'C'),
(389, 'Institut Agama Islam Negeri Lhokseumawe', 'B'),
(390, 'Institut Agama Islam Negeri Madura', 'B'),
(391, 'Institut Agama Islam Negeri Metro', 'B'),
(392, 'Institut Agama Islam Negeri Palangkaraya', 'B'),
(393, 'Institut Agama Islam Negeri Palu', 'B'),
(394, 'Institut Agama Islam Negeri ParePare', 'B'),
(395, 'Institut Agama Islam Negeri Pekalongan', 'B'),
(396, 'Institut Agama Islam Negeri Ponorogo', 'B'),
(397, 'Institut Agama Islam Negeri Samarinda', 'B'),
(398, 'Institut Agama Islam Negeri Sorong', 'B'),
(399, 'Institut Agama Islam Negeri Syaikh Abdurrahman Siddik Bangka Belitung', 'C'),
(400, 'Institut Agama Islam Ngawi', 'C'),
(401, 'Institut Agama Islam Nusantara Batang Hari', 'C'),
(402, 'Institut Agama Islam Qomaruddin Gresik', 'C'),
(403, 'Institut Agama Islam Qomarul Huda Bagu Lombok Tengah NTB', 'C'),
(404, 'Institut Agama Islam Riyadlatul Mujahidin Ngabar (IAIRM) Ponorogo', 'C'),
(405, 'Institut Agama Islam Sahid', 'C'),
(406, 'Institut Agama Islam Shalahuddin Al-Ayyubi (INISA) Tambun Bekasi', NULL),
(407, 'Institut Agama Islam Sultan Muhammad Syafiuddin Sambas', 'C'),
(408, 'Institut Agama Islam Sunan Giri (INSURI) Ponorogo', 'C'),
(409, 'Institut Agama Islam Sunan Giri Bojonegoro', 'C'),
(410, 'Institut Agama Islam Tafaqquh Fiddin Dumai', 'B'),
(411, 'Institut Agama Islam Tarbiyatut Tholabah Lamongan Jawa Timur', 'C'),
(412, 'Institut Agama Islam Tazkia', 'B'),
(413, 'Institut Agama Islam Tebo', 'C'),
(414, 'Institut Agama Islam Tribakti (IAIT) Kediri', 'C'),
(415, 'Institut Agama Islam Uluwiyah Mojokerto', 'C'),
(416, 'Institut Agama Islam Yasni Bungo', 'C'),
(417, 'Institut Agama Kristen Negeri Ambon', 'B'),
(418, 'Institut Agama Kristen Negeri Manado', 'C'),
(419, 'Institut Agama Kristen Negeri Tarutung', 'C'),
(420, 'Institut Bio Scientia Internasional Indonesia', 'B'),
(421, 'Institut Bisnis dan Informatika (IBI) Kosgoro 1957', 'C'),
(422, 'Institut Bisnis dan Informatika Kesatuan', 'B'),
(423, 'Institut Bisnis Dan Informatika Kwik Kian Gie', 'B'),
(424, 'Institut bisnis dan keuangan Nitro', 'B'),
(425, 'Institut Bisnis dan Multimedia Asmi Jakarta', 'C'),
(426, 'Institut Bisnis dan Teknologi Pelita Indonesia', 'B'),
(427, 'Institut Bisnis Informasi Teknologi dan Bisnis', 'C'),
(428, 'Institut Bisnis Nusantara', 'C'),
(429, 'Institut Daarul Qur\'an Jakarta', 'C'),
(430, 'Institut Desain dan Bisnis Bali', 'B'),
(431, 'Institut Dirosat Islamiyah Al-Amien Prenduan Sumenep', 'C'),
(432, 'Institut Ilmu Al Qur\'an An-Nur Yogyakarta', 'C'),
(433, 'Institut Ilmu Al-Qur`an (IIQ) Jakarta Jakarta Selatan', 'B'),
(434, 'Institut Ilmu KeIslaman Annuqayah (INSTIKA) Guluk-Guluk Sumenep', 'B'),
(435, 'Institut Ilmu Keislaman Zainul Hasan Genggong', 'C'),
(436, 'Institut Ilmu Kesehatan Bhakti Wiyata Kediri', 'B'),
(437, 'Institut Ilmu Kesehatan dan Teknologi Muhammadiyah Palembang', 'B'),
(438, 'Institut Ilmu Kesehatan Pelamonia Kesdam XIV/Hasanuddin', 'B'),
(439, 'Institut Ilmu Kesehatan STRADA Indonesia', 'B'),
(440, 'Institut Ilmu Kesehatan STRADA Indonesia', 'B'),
(441, 'Institut Ilmu Sosial dan Manajemen STIAMI Jakarta', 'B'),
(442, 'Institut Informatika Dan Bisnis Darmajaya', 'B'),
(443, 'Institut Informatika Indonesia Surabaya', 'C'),
(444, 'Institut Injil Indonesia', 'C'),
(445, 'Institut Islam Mambaul Ulum Surakarta', 'C'),
(446, 'Institut Islam Nahdlatul Ulama Temanggung', 'C'),
(447, 'Institut Kariman Wirayudha Sumenep Madura', 'C'),
(448, 'Institut Keguruan dan Ilmu Pendidikan PGRI Jember', 'B'),
(449, 'Institut Keguruan dan Ilmu Pendidikan Saraswati Tabanan', 'B'),
(450, 'Institut Keguruan dan Ilmu Pendidikan Siliwangi', 'B'),
(451, 'Institut Keguruan dan Ilmu Pendidikan Widya Darma', 'C'),
(452, 'Institut Keislaman Abdullah Faqih (INKAFA) Manyar Gresik', 'B'),
(453, 'Institut Kesehatan dan Bisnis Surabaya', 'C'),
(454, 'Institut Kesehatan Deli Husada Deli Tua', 'B'),
(455, 'Institut Kesehatan Helvetia', 'B'),
(456, 'Institut Kesehatan Indonesia', 'C'),
(457, 'Institut Kesehatan Medistra Lubuk Pakam', 'B'),
(458, 'Institut Kesehatan Mitra Bunda', 'B'),
(459, 'Institut Kesehatan Prima Nusantara Bukittinggi', 'B'),
(460, 'Institut Kesehatan Rajawali', 'B'),
(461, 'Institut Kesehatan Sumatera Utara', 'B'),
(462, 'Institut Kesenian Jakarta - LPKJ', 'B'),
(463, 'Institut Keuangan Perbankan dan Informatika Asia Perbanas', 'B'),
(464, 'Institut Komunikasi Dan Bisnis LSPR', 'B'),
(465, 'Institut Kristen Borneo', 'C'),
(466, 'Institut Manajemen Koperasi Indonesia', 'B'),
(467, 'Institut Manajemen Wiyata Indonesia', 'C'),
(468, 'Institut Maritim Prasetiya Mandiri', 'B'),
(469, 'Institut Medika Drg. Suherman', 'B'),
(470, 'Institut Parahikma Indonesia Gowa Sulawesi Selatan', 'C'),
(471, 'Institut Pariwisata dan Bisnis Internasional', 'C'),
(472, 'Institut Pembina Rohani Islam (IPRIJA) Jakarta Ciracas Jakarta Timur', 'C'),
(473, 'Institut Pemerintahan Dalam Negeri', 'B'),
(474, 'Institut Pendidikan Indonesia Garut', 'B'),
(475, 'Institut Pendidikan Tapanuli Selatan', 'B'),
(476, 'Institut Pertanian Bogor', 'A'),
(477, 'Institut Pertanian Malang', 'C'),
(478, 'Institut Pertanian STIPER', 'B'),
(479, 'Institut Pesantren KH. Abdul Chalim Pacet Mojokerto', 'C'),
(480, 'Institut Pesantren Mathaliul Falah Pati Jawa Tengah', 'C'),
(481, 'Institut Pesantren Sunan Drajat Lamongan', 'C'),
(482, 'Institut PTIQ Jakarta Jakarta Selatan', 'B'),
(483, 'Institut Sains Al-Qur\'an Syekh Ibrahim Pasir Pangaraian Rokan Hulu', 'C'),
(484, 'Institut Sains dan Bisnis Atma Luhur', 'B'),
(485, 'Institut Sains dan Kesehatan Bone', 'C'),
(486, 'Institut Sains Dan Teknologi Akprind', 'B'),
(487, 'Institut Sains Dan Teknologi Al-Kamal', 'C'),
(488, 'Institut Sains Dan Teknologi Annuqayah', NULL),
(489, 'Institut Sains Dan Teknologi Nasional', 'B'),
(490, 'Institut Sains dan Teknologi TD Pardede', 'C'),
(491, 'Institut Seni Budaya Indonesia Bandung', 'B'),
(492, 'Institut Seni Indonesia Denpasar', 'A'),
(493, 'Institut Seni Indonesia Padang Panjang', 'B'),
(494, 'Institut Seni Indonesia Surakarta', 'B'),
(495, 'Institut Seni Indonesia Yogyakarta', 'A'),
(496, 'Institut Studi Islam Muhammadiyah Pacitan', 'C'),
(497, 'Institut Teknologi Adhi Tama Surabaya', 'B'),
(498, 'Institut Teknologi Bandung', 'A'),
(499, 'Institut Teknologi Batam', 'C'),
(500, 'Institut Teknologi Bisnis AAS Indonesia', 'C'),
(501, 'Institut Teknologi Budi Utomo', 'B'),
(502, 'Institut Teknologi dan Bisnis Ahmad Dahlan', 'B'),
(503, 'Institut Teknologi dan Bisnis Ahmad Dahlan Lamongan', 'C'),
(504, 'Institut Teknologi dan Bisnis Asia Malang', 'C'),
(505, 'Institut Teknologi dan Bisnis Bank Rakyat Indonesia', 'C'),
(506, 'Institut Teknologi dan Bisnis Bina Sarana Global', 'B'),
(507, 'Institut Teknologi dan Bisnis Indonesia', 'C'),
(508, 'Institut Teknologi dan Bisnis Kalbis', 'B'),
(509, 'Institut Teknologi dan Bisnis Lembah Dempo', 'C'),
(510, 'Institut Teknologi dan Bisnis Nobel Indonesia', 'C'),
(511, 'Institut Teknologi dan Bisnis Stikom Ambon', 'C'),
(512, 'Institut Teknologi dan Bisnis STIKOM Bali', 'B'),
(513, 'Institut Teknologi dan Bisnis Swadharma', 'C'),
(514, 'Institut Teknologi dan Kesehatan Avicenna', 'C'),
(515, 'Institut Teknologi dan Kesehatan Bali', 'B'),
(516, 'Institut Teknologi dan Pendidikan Markandeya Bali', 'C'),
(517, 'Institut Teknologi dan Sains Nahdlatul Ulama Pasuruan', 'C'),
(518, 'Institut Teknologi Del', 'B'),
(519, 'Institut Teknologi Dirgantara Adisutjipto', 'B'),
(520, 'Institut Teknologi Garut', 'B'),
(521, 'Institut Teknologi Harapan Bangsa', 'B'),
(522, 'Institut Teknologi Indonesia', 'B'),
(523, 'Institut Teknologi Kalimantan', 'B'),
(524, 'Institut Teknologi Kesehatan dan Sains Muhammadiyah Sidrap', 'C'),
(525, 'Institut Teknologi Minaesa', 'C'),
(526, 'Institut Teknologi Nasional Bandung', 'B'),
(527, 'Institut Teknologi Nasional Malang', 'B'),
(528, 'Institut Teknologi Nasional Yogyakarta', 'B'),
(529, 'Institut Teknologi Padang', 'B'),
(530, 'Institut Teknologi Perusahaan Listrik Negara', 'B'),
(531, 'Institut Teknologi Sains Bandung', 'C'),
(532, 'Institut Teknologi Sains dan Kesehatan PKU Muhammadiyah Surakarta', 'B'),
(533, 'Institut Teknologi Sepuluh Nopember', 'A'),
(534, 'Institut Teknologi Sumatera', 'C'),
(535, 'Institut Teknologi Telkom Purwokerto', 'B'),
(536, 'Institut Teknologi Yogyakarta', 'C'),
(537, 'Institut Teknologi Sains dan Kesehatan RS Dr. Soepraoen Kesdam V/BRW', 'B'),
(538, 'Institut Transportasi  dan Logistik Trisakti', 'B'),
(539, 'Politeknik Aceh', 'B'),
(540, 'Politeknik Aceh Selatan', 'C'),
(541, 'Politeknik Adiguna Maritim Indonesia Medan', 'B'),
(542, 'Politeknik Ahli Usaha Perikanan', 'B'),
(543, 'Politeknik Aisyiyah Pontianak', 'C'),
(544, 'Politeknik AKA Bogor', 'B'),
(545, 'Politeknik Akamigas Palembang', 'B'),
(546, 'Politeknik Al-Islam Bandung', 'C'),
(547, 'Politeknik Amamapare', NULL),
(548, 'Politeknik Angkatan Darat', NULL),
(549, 'Politeknik API Yogyakarta', 'B'),
(550, 'Politeknik APP Jakarta', 'B'),
(551, 'Politeknik Astra', 'B'),
(552, 'Politeknik ATI Makassar', 'B'),
(553, 'Politeknik ATI Padang', 'B'),
(554, 'Politeknik ATK Yogyakarta', 'B'),
(555, 'Politeknik ATMI', 'B'),
(556, 'Politeknik Balekambang Jepara', 'C'),
(557, 'Politeknik Banjarnegara', 'C'),
(558, 'Politeknik Baubau', 'C'),
(559, 'Politeknik Bhakti Asih Purwakarta', 'B'),
(560, 'Politeknik Bina Budaya Cipta', 'C'),
(561, 'Politeknik Bina Husada Kendari', 'C'),
(562, 'Politeknik Bisnis Indonesia', 'C'),
(563, 'Politeknik Bosowa', 'C'),
(564, 'Politeknik Bumi Akpelni', 'B'),
(565, 'Politeknik Cahaya Surya', NULL),
(566, 'Politeknik Caltex', 'B'),
(567, 'Politeknik Cendana', 'C'),
(568, 'Politeknik Darusalam', 'C'),
(569, 'Politeknik Dharma Patria', 'B'),
(570, 'Politeknik Elbajo Commodus', NULL),
(571, 'Politeknik Elektronika Negeri Surabaya', 'A'),
(572, 'Politeknik Energi dan Mineral Akamigas', 'B'),
(573, 'Politeknik Enjinering Indorama', 'C'),
(574, 'Politeknik Gajah Sakti', 'C'),
(575, 'Politeknik Gajah Tunggal', 'C'),
(576, 'Politeknik Ganesa Guru', 'C'),
(577, 'Politeknik Ganesha', 'C'),
(578, 'Politeknik Gihon', NULL),
(579, 'Politeknik Gorontalo', 'C'),
(580, 'Politeknik Gorontalo', 'C'),
(581, 'Politeknik Harapan Bangsa Surakarta', 'C'),
(582, 'Politeknik Harapan Bersama', 'B'),
(583, 'Politeknik Hasnur', 'C'),
(584, 'Politeknik Ilmu Pelayaran Makassar', 'B'),
(585, 'Politeknik Ilmu Pelayaran Semarang', 'A'),
(586, 'Politeknik Ilmu Pemasyarakatan', 'C'),
(587, 'Politeknik Indonesia Venezuela', 'C'),
(588, 'Politeknik Indonusa Surakarta', 'B'),
(589, 'Politeknik Informatika Nasional', 'C'),
(590, 'Politeknik Jambi', 'C'),
(591, 'Politeknik Kaltara', 'C'),
(592, 'Politeknik Kampar', 'B'),
(593, 'Politeknik Karya Husada', 'C'),
(594, 'Politeknik Katolik Mangunwijaya', 'B'),
(595, 'Politeknik Katolik Saint Paul', 'C'),
(596, 'Politeknik Kelapa Sawit Citra Widya Edukasi', 'B'),
(597, 'Politeknik Kelautan dan Perikanan Bitung', 'B'),
(598, 'Politeknik Kelautan dan Perikanan Dumai', 'B'),
(599, 'Politeknik Kelautan dan Perikanan Karawang', 'B'),
(600, 'Politeknik Kelautan dan Perikanan Kupang', 'C'),
(601, 'Politeknik Kelautan dan Perikanan Pangandaran', 'C'),
(602, 'Politeknik Kelautan dan Perikanan Sidoarjo', 'B'),
(603, 'Politeknik Kelautan dan Perikanan Sorong', 'B'),
(604, 'Politeknik Kemenkes Bengkulu', 'B'),
(605, 'Politeknik Kent', 'C'),
(606, 'Politeknik Kesehatan Aisyiyah Banten', 'B'),
(607, 'Politeknik Kesehatan BHakti Mulia', 'C'),
(608, 'Politeknik Kesehatan Bhakti Setya Indonesia', 'B'),
(609, 'Politeknik Kesehatan Jakarta III', 'B'),
(610, 'Politeknik Kesehatan Kartini Bali', 'B'),
(611, 'Politeknik Kesehatan Karya Husada', 'B'),
(612, 'Politeknik Kesehatan Kemenkes Bandung', 'B'),
(613, 'Politeknik Kesehatan Kemenkes Denpasar', 'B'),
(614, 'Politeknik Kesehatan Kemenkes Makassar', 'B'),
(615, 'Politeknik Kesehatan Kemenkes Malang', 'B'),
(616, 'Politeknik Kesehatan Kemenkes Manado', 'B'),
(617, 'Politeknik Kesehatan Kemenkes Tanjungkarang', 'B'),
(618, 'Politeknik Kesehatan Kemenkes Tasikmalaya', 'B'),
(619, 'Politeknik Kesehatan Kementerian Kesehatan Kupang', 'B'),
(620, 'Politeknik Kesehatan Kementerian Kesehatan Semarang', 'B'),
(621, 'Politeknik Kesehatan Kementerian Kesehatan Surabaya', 'B'),
(622, 'Politeknik Kesehatan Muhammadiyah Makassar', 'C'),
(623, 'Politeknik Kesehatan Permata Indonesia Yogyakarta', 'B'),
(624, 'Politeknik Kesehatan TNI AU Adisutjipto', 'C'),
(625, 'Politeknik Kesehatan TNI AU Ciumbuleuit', 'B'),
(626, 'Politeknik Kesehatan Ummi Khasanah', 'B'),
(627, 'Politeknik Kesejahteraan Sosial Bandung', 'B'),
(628, 'Politeknik Keselamatan Transportasi Jalan', 'B'),
(629, 'Politeknik Keuangan Negara STAN', 'B'),
(630, 'Politeknik Kota Malang', 'C'),
(631, 'Politeknik Kotabaru', 'C'),
(632, 'Politeknik Lembaga Pendidikan dan Pengembangan Profesi Indonesia', 'B'),
(633, 'Politeknik Lembaga Pendidikan dan Pengembangan Profesi Indonesia Makassar', 'C'),
(634, 'Politeknik LP3I Jakarta', 'C'),
(635, 'Politeknik LP3i Medan', 'B'),
(636, 'Politeknik LPP Yogyakarta', 'B'),
(637, 'Politeknik Mandiri Bina Prestasi', 'C'),
(638, 'Politeknik Manufaktur Bandung', 'B'),
(639, 'Politeknik Manufaktur Ceper', 'B'),
(640, 'Politeknik Manufaktur Negeri Bangka Belitung', 'C'),
(641, 'Politeknik Medica Farma Husada Mataram', 'C'),
(642, 'Politeknik Mekatronika Sanata Dharma', 'C'),
(643, 'Politeknik Meta Industri Cikarang', 'C'),
(644, 'Politeknik Mitra Karya Mandiri', 'C'),
(645, 'Politeknik Muara Teweh', NULL),
(646, 'Politeknik Nasional Denpasar', 'C'),
(647, 'Politeknik Negeri Ambon', 'B'),
(648, 'Politeknik Negeri Bali', 'B'),
(649, 'Politeknik Negeri Balikpapan', 'C'),
(650, 'Politeknik Negeri Bandung', 'A'),
(651, 'Politeknik Negeri Banjarmasin', 'B'),
(652, 'Politeknik Negeri Batam', 'B'),
(653, 'Politeknik Negeri Bengkalis', 'B'),
(654, 'Politeknik Negeri Cilacap', 'C'),
(655, 'Politeknik Negeri Indramayu', 'C'),
(656, 'Politeknik Negeri Jakarta', 'B'),
(657, 'Politeknik Negeri Jember', 'B'),
(658, 'Politeknik Negeri Kupang', 'C'),
(659, 'Politeknik Negeri Lampung', 'B'),
(660, 'Politeknik Negeri Lhokseumawe', 'B'),
(661, 'Politeknik Negeri Madiun', 'B'),
(662, 'Politeknik Negeri Malang', 'A'),
(663, 'Politeknik Negeri Manado', 'B'),
(664, 'Politeknik Negeri Medan', 'B'),
(665, 'Politeknik Negeri Media Kreatif', 'B'),
(666, 'Politeknik Negeri Nusa Utara', 'B'),
(667, 'Politeknik Negeri Padang', 'B'),
(668, 'Politeknik Negeri Pontianak', 'B'),
(669, 'Politeknik Negeri Samarinda', 'B'),
(670, 'Politeknik Negeri Semarang', 'A'),
(671, 'Politeknik Negeri Sriwijaya', 'B'),
(672, 'Politeknik Negeri Subang', 'C'),
(673, 'Politeknik Negeri Tanah Laut', 'B'),
(674, 'Politeknik Negeri Ujung Pandang', 'B'),
(675, 'Politeknik NSC Surabaya', 'C'),
(676, 'Politeknik Pajajaran Insan Cinta Bangsa Bandung', 'C'),
(677, 'Politeknik Palcomtech Palembang', 'C'),
(678, 'Politeknik Pariwisata Bali', 'B'),
(679, 'Politeknik Pariwisata Batam', 'C'),
(680, 'Politeknik Pekerjaan Umum', 'C'),
(681, 'Politeknik Pelayaran Banten', 'C'),
(682, 'Politeknik Pelayaran Sorong', 'C'),
(683, 'Politeknik Pelayaran Surabaya', 'B'),
(684, 'Politeknik Pembangunan Pertanian Bogor', 'B'),
(685, 'Politeknik Pembangunan Pertanian Gowa', 'B'),
(686, 'Politeknik Pembangunan Pertanian Malang', 'B'),
(687, 'Politeknik Pembangunan Pertanian Manokwari', 'B'),
(688, 'Politeknik Pembangunan Pertanian Medan', 'B'),
(689, 'Politeknik Pembangunan Pertanian Yogyakarta - Magelang', 'B'),
(690, 'Politeknik Penerbangan Indonesia Curug', 'B'),
(691, 'Politeknik Penerbangan Makassar', 'C'),
(692, 'Politeknik Penerbangan Medan', 'B'),
(693, 'Politeknik Penerbangan Surabaya', 'B'),
(694, 'Politeknik Perdamaian Halmahera', 'B'),
(695, 'Politeknik Perdana Mandiri', 'C'),
(696, 'Politeknik Perkapalan Negeri Surabaya', 'A'),
(697, 'Politeknik Perkeretaapian Indonesia Madiun', 'C'),
(698, 'Politeknik Pertanian dan Peternakan Mapena', 'C'),
(699, 'Politeknik Pertanian Negeri Kupang', 'B'),
(700, 'Politeknik Pertanian Negeri Pangkajene Kepulauan', 'B'),
(701, 'Politeknik Pertanian Negeri Payakumbuh', 'B'),
(702, 'Politeknik Pertanian Negeri Samarinda', 'B'),
(703, 'Politeknik PGRI Banten', 'C'),
(704, 'Politeknik Piksi Ganesha', 'B'),
(705, 'Politeknik Piksi Ganesha Indonesia', 'B'),
(706, 'Politeknik Piksi Input Serang', 'C'),
(707, 'Politeknik Pos Indonesia', 'B'),
(708, 'Politeknik Praktisi Bandung', 'C'),
(709, 'Politeknik Pratama', 'C'),
(710, 'Politeknik Pratama Mulia', 'B'),
(711, 'Politeknik Purbaya', 'C'),
(712, 'Politeknik Pusmanu', 'C'),
(713, 'Politeknik Putra Bangsa Pontianak', 'C'),
(714, 'Politeknik Raflesia', 'C'),
(715, 'Politeknik Sahid', 'B'),
(716, 'Politeknik Sains dan Teknologi Wiratama Maluku Utara', 'C'),
(717, 'Politeknik Sawunggalih Aji', 'C'),
(718, 'Politeknik Sekayu', 'C'),
(719, 'Politeknik Sendawar', 'C'),
(720, 'Politeknik Sinar Mas Berau Coal', 'C'),
(721, 'Politeknik ST. Wilhelmus', 'C'),
(722, 'Politeknik STIA LAN Bandung', 'B'),
(723, 'Politeknik STIA LAN Jakarta', 'B'),
(724, 'Politeknik STIA LAN Makassar', 'B'),
(725, 'Politeknik Stibisnis', 'C'),
(726, 'Politeknik STMI Jakarta', 'B'),
(727, 'Politeknik STTT Bandung', 'A'),
(728, 'Politeknik Sukabumi', 'C'),
(729, 'Politeknik Surabaya', NULL),
(730, 'Politeknik Tanjungbalai', 'C'),
(731, 'Politeknik TEDC', 'C'),
(732, 'Politeknik Teknologi Kimia Industri', 'B'),
(733, 'Politeknik Tiara Bunda', 'C'),
(734, 'Politeknik Tonggak Equator', 'B'),
(735, 'Politeknik Transportasi Darat Indonesia - STTD', 'C'),
(736, 'Politeknik Tri Mitra Karya Mandiri', 'C'),
(737, 'Politeknik Tunas Pemuda', 'C'),
(738, 'Politeknik Ubaya', 'B'),
(739, 'Politeknik Unggul LP3M', 'C'),
(740, 'Politeknik Unggulan Kalimantan', 'C'),
(741, 'Politeknik Unisma Malang', 'C'),
(742, 'Politeknik Wilmar Bisnis Indonesia', 'C'),
(743, 'Politeknik Yakpermas Banyumas', 'B'),
(744, 'Politenik Kesehatan Yapkesbi Sukabumi', 'B'),
(745, 'Poltekkes Kemenkes Banjarmasin', 'B'),
(746, 'Poltekkes Kemenkes Banten', 'B'),
(747, 'Poltekkes Kemenkes Gorontalo', 'B'),
(748, 'Poltekkes Kemenkes Jakarta I', 'B'),
(749, 'Poltekkes Kemenkes Jakarta II', 'B'),
(750, 'Poltekkes Kemenkes Jambi', 'B'),
(751, 'Poltekkes Kemenkes Jayapura', 'B'),
(752, 'Poltekkes Kemenkes Kalimantan Timur', 'B'),
(753, 'Poltekkes Kemenkes Kendari', 'B'),
(754, 'Poltekkes Kemenkes Maluku', 'C'),
(755, 'Poltekkes Kemenkes Mamuju', 'C'),
(756, 'Poltekkes Kemenkes Mataram', 'B'),
(757, 'Poltekkes Kemenkes Medan', 'B'),
(758, 'Poltekkes Kemenkes NAD', 'B'),
(759, 'Poltekkes Kemenkes Padang', 'B'),
(760, 'Poltekkes Kemenkes Palangkaraya', 'B'),
(761, 'Poltekkes Kemenkes Palembang', 'B'),
(762, 'Poltekkes Kemenkes Palu', 'B'),
(763, 'Poltekkes Kemenkes Pontianak', 'B'),
(764, 'Poltekkes Kemenkes Riau', 'B'),
(765, 'Poltekkes Kemenkes Sorong', 'C'),
(766, 'Poltekkes Kemenkes Surakarta', 'B'),
(767, 'Poltekkes Kemenkes Tanjung Pinang', 'B'),
(768, 'Poltekkes Kemenkes Ternate', 'B'),
(769, 'Poltekkes Kemenkes Yogyakarta', 'B'),
(770, 'Potiteknik Industri Furnitur dan Pengolahan Kayu', 'C'),
(771, 'S.T. Manajemen Bisnis Multi Sarana Manajemen Administrasi dan Rekayasa Teknologi', NULL),
(772, 'Sekolah Agama Islam Rahmaniyah Sekayu', 'C'),
(773, 'Sekolah Tinggi  Ilmu Ekonomi JIU', NULL),
(774, 'Sekolah Tinggi  Teknologi Industri dan Farmasi Bogor', 'C'),
(775, 'Sekolah Tinggi Agama Buddha Bodhi Dharma', NULL),
(776, 'Sekolah Tinggi Agama Buddha Kertarajasa', 'B'),
(777, 'Sekolah Tinggi Agama Buddha Maha Prajna Jakarta', 'C'),
(778, 'Sekolah Tinggi Agama Buddha Maitreyawira', 'C'),
(779, 'Sekolah Tinggi Agama Buddha Nalanda', 'C'),
(780, 'Sekolah Tinggi Agama Buddha Negeri Raden Wijaya', 'B'),
(781, 'Sekolah Tinggi Agama Buddha Negeri Sriwijaya Tangerang', 'B'),
(782, 'Sekolah Tinggi Agama Buddha Samantabadra - NSI', NULL),
(783, 'Sekolah Tinggi Agama Buddha Syailendra', 'B'),
(784, 'Sekolah Tinggi Agama Hindu Dharma Nusantara Jakarta', 'B'),
(785, 'Sekolah Tinggi Agama Hindu Negeri GDE Pudja Mataram', 'C'),
(786, 'Sekolah Tinggi Agama Islam (STAI) Al-Ma`arif Way Kanan', 'C'),
(787, 'Sekolah Tinggi Agama Islam (STAI) Khozinatul Ulum Blora Jawa Tengah', 'C'),
(788, 'Sekolah Tinggi Agama Islam (STAI) Sulthan Syarif Hasyim Siak Sri Indrapura Riau', 'C'),
(789, 'Sekolah Tinggi Agama Islam (YAPTIP) Pasaman Barat', 'C'),
(790, 'Sekolah Tinggi Agama Islam Aceh Tamiang', 'C'),
(791, 'Sekolah Tinggi Agama Islam Al - Azhar Pekanbaru', 'C'),
(792, 'Sekolah Tinggi Agama Islam Al Fithrah', 'C'),
(793, 'Sekolah Tinggi Agama Islam Al Gazali Bulukumba', 'C'),
(794, 'Sekolah Tinggi Agama Islam Al Khairat Pamekasan', 'C'),
(795, 'Sekolah Tinggi Agama Islam Al-Amin Dompu NTB', 'C'),
(796, 'Sekolah Tinggi Agama Islam Al-Azhar Menganti Gresik Gresik', 'C'),
(797, 'Sekolah Tinggi Agama Islam Al-Falah Banjarbaru', 'C'),
(798, 'Sekolah Tinggi Agama Islam Al-Fattah Pacitan', 'C'),
(799, 'Sekolah Tinggi Agama Islam Al-Gazali Bone', 'C'),
(800, 'Sekolah Tinggi Agama Islam Al-Ghazali Barru', 'C'),
(801, 'Sekolah Tinggi Agama Islam Al-Hikmah Medan', 'C'),
(802, 'Sekolah Tinggi Agama Islam Al-Karimiyah Sawangan Depok', 'C'),
(803, 'Sekolah Tinggi Agama Islam Al-Mahdi FakFak', 'C'),
(804, 'Sekolah Tinggi Agama Islam Alhikmah Jakarta', 'C'),
(805, 'Sekolah Tinggi Agama Islam An Nur Lampung', 'C'),
(806, 'Sekolah Tinggi Agama Islam An-Nadwah Kuala Tungkal', 'C'),
(807, 'Sekolah Tinggi Agama Islam AN-Nawawi Purworejo', 'C'),
(808, 'Sekolah Tinggi Agama Islam Badrus Sholeh Purwosari Kediri', 'C'),
(809, 'Sekolah Tinggi Agama Islam Balikpapan', 'C'),
(810, 'Sekolah Tinggi Agama Islam Bani Saleh', 'C'),
(811, 'Sekolah Tinggi Agama Islam Binamadani Tangerang', 'C'),
(812, 'Sekolah Tinggi Agama Islam Cirebon', 'C'),
(813, 'Sekolah Tinggi Agama Islam Darul Hikmah', 'C'),
(814, 'Sekolah Tinggi Agama Islam Darul Qur`an Payakumbuh', 'C'),
(815, 'Sekolah Tinggi Agama Islam Darul Ulum Kandangan', 'C'),
(816, 'Sekolah Tinggi Agama Islam Darul Ulum Sarolangun', 'C'),
(817, 'Sekolah Tinggi Agama Islam Darunnajah Jakarta', 'C'),
(818, 'Sekolah Tinggi Agama Islam Darussalam Lampung', 'C'),
(819, 'Sekolah Tinggi Agama Islam Daruttaqwa Manyar Gresik', 'C'),
(820, 'Sekolah Tinggi Agama Islam Haji Agus Salim Cikarang', 'C'),
(821, 'Sekolah Tinggi Agama Islam Hasan Jufri Bawean Gresik', 'C'),
(822, 'Sekolah Tinggi Agama Islam Hasanuddin Pare', 'C'),
(823, 'Sekolah Tinggi Agama Islam HM.Lukman Edy Pekanbaru', 'C'),
(824, 'Sekolah Tinggi Agama Islam Ibnu Rusyid', 'C'),
(825, 'Sekolah Tinggi Agama Islam Ibnu Sina Batam', 'C'),
(826, 'Sekolah Tinggi Agama Islam Indonesia Jakarta', 'C'),
(827, 'Sekolah Tinggi Agama Islam Islamic Centre Demak', 'C'),
(828, 'Sekolah Tinggi Agama Islam Jama\'iyah Mahmudiyah Tanjung Pura Langkat', 'C'),
(829, 'Sekolah Tinggi Agama Islam Kharisma Cicurug', 'C'),
(830, 'Sekolah Tinggi Agama Islam Luqman Al-Hakim Surabaya', 'C'),
(831, 'Sekolah Tinggi Agama Islam Ma`arif Kalirejo Lampung Tengah', 'C'),
(832, 'Sekolah Tinggi Agama Islam Ma`arif Magetan', 'C'),
(833, 'Sekolah Tinggi Agama Islam Madiun', 'C'),
(834, 'Sekolah Tinggi Agama Islam Madrasah Arabiyah Bayang', 'C'),
(835, 'Sekolah Tinggi Agama Islam Mambaul Ulum Jambi', 'C'),
(836, 'Sekolah Tinggi Agama Islam Mempawah Pontianak', 'C'),
(837, 'Sekolah Tinggi Agama Islam Miftahul Ulum Tanjung Pinang', 'C'),
(838, 'Sekolah Tinggi Agama Islam Minhaajurroosyidiin', 'C'),
(839, 'Sekolah Tinggi Agama Islam Muhammadiyah Klaten', 'C'),
(840, 'Sekolah Tinggi Agama Islam Muhammadiyah Paciran', 'C'),
(841, 'Sekolah Tinggi Agama Islam Muhammadiyah Probolinggo', 'C'),
(842, 'Sekolah Tinggi Agama Islam Mulia Astuti Wonogiri Jawa Tengah', 'C'),
(843, 'Sekolah Tinggi Agama Islam Nahdlatul Ulama Kotabumi', 'C'),
(844, 'Sekolah Tinggi Agama Islam Natuna', 'C'),
(845, 'Sekolah Tinggi Agama Islam Nazhatut Thullab', 'C'),
(846, 'Sekolah Tinggi Agama Islam Negeri Majene', 'C'),
(847, 'Sekolah Tinggi Agama Islam Negeri Sultan Abdurrahman Kepulauan Riau', 'C'),
(848, 'Sekolah Tinggi Agama Islam Nida El Adabi Parung Panjang Bogor', 'C'),
(849, 'Sekolah Tinggi Agama Islam Nurul Falah Airmolek Indragiri', 'C'),
(850, 'Sekolah Tinggi Agama Islam Nurul Huda Kapongan Situbondo', 'C'),
(851, 'Sekolah Tinggi Agama Islam Panca Budi', 'C'),
(852, 'Sekolah Tinggi Agama Islam Pangeran Dharma Kusuma Segeran Indramayu', 'C'),
(853, 'Sekolah Tinggi Agama Islam Pengembangan Ilmu Al-Qur`an', 'C'),
(854, 'Sekolah Tinggi Agama Islam PUI Majalengka', 'C'),
(855, 'Sekolah Tinggi Agama Islam Rasyidiyah Khalidiyah Kalimantan Selatan', 'C'),
(856, 'Sekolah Tinggi Agama Islam Raudhatul Akmal', 'C'),
(857, 'Sekolah Tinggi Agama Islam Rokan Besar Batu Rokan Hilir Riau', 'C'),
(858, 'Sekolah Tinggi Agama Islam Sabilul Muttaqqin Mojokerto Jawa Timur', 'C'),
(859, 'Sekolah Tinggi Agama Islam Salahuddin', 'C'),
(860, 'Sekolah Tinggi Agama Islam Samarinda', 'C'),
(861, 'Sekolah Tinggi Agama Islam Sangatta Kutai Timur', 'C'),
(862, 'Sekolah Tinggi Agama Islam Sayid Mohammad Alawi Al Maliki', 'C'),
(863, 'Sekolah Tinggi Agama Islam Sepakat Segenep Kutacane', 'C'),
(864, 'Sekolah Tinggi Agama Islam Solok Nan Indah', 'C'),
(865, 'Sekolah Tinggi Agama Islam Tebing Tinggi Deli', 'C'),
(866, 'Sekolah Tinggi Agama Islam UISU Pematangsiantar', 'C'),
(867, 'Sekolah Tinggi Agama Islam Walisembilan', 'C'),
(868, 'Sekolah Tinggi Agama Islam Yasni Muara Bungo Jambi', 'C'),
(869, 'Sekolah Tinggi Agama Islam Yayasan Tarbiyah Islamiyah Lubuk Bagalung Padang', 'C'),
(870, 'Sekolah Tinggi Agama Islam YDI Lubuk Sikaping', 'C'),
(871, 'Sekolah Tinggi Agama Islam YKI Sumatera Barat', 'C'),
(872, 'Sekolah Tinggi Agama Islam YPBWI Surabaya', 'C'),
(873, 'Sekolah Tinggi Agama Islam YPI Al Ikhlas Painan', 'C'),
(874, 'Sekolah Tinggi Agama Islam YPK Imam Bonjol', 'C'),
(875, 'Sekolah Tinggi Agama Kristen Apollos Manado', 'C'),
(876, 'Sekolah Tinggi Agama Kristen Arastamar Grimenawa Jayapura', 'C'),
(877, 'Sekolah Tinggi Agama Kristen Bina Muda Wirawan Wonogiri', 'C'),
(878, 'Sekolah Tinggi Agama Kristen Diaspora Wamena', 'C'),
(879, 'Sekolah Tinggi Agama Kristen Lentera Bangsa Manado', 'C'),
(880, 'Sekolah Tinggi Agama Kristen Luwuk Banggai', 'C'),
(881, 'Sekolah Tinggi Agama Kristen Merauke', 'C'),
(882, 'Sekolah Tinggi Agama Kristen Negeri Kupang', 'C'),
(883, 'Sekolah Tinggi Agama Kristen Negeri Toraja', 'C'),
(884, 'Sekolah Tinggi Agama Kristen Oikumene Timika', 'C'),
(885, 'Sekolah Tinggi Agama Kristen Protestan Negeri Sentani', 'C'),
(886, 'Sekolah Tinggi Agama Kristen Terpadu Pesat Salatiga', 'C'),
(887, 'Sekolah Tinggi Agama Kristen Teruna Bhakti', 'C'),
(888, 'Sekolah Tinggi Akuntansi dan Manajemen Indonesia', 'C'),
(889, 'Sekolah Tinggi Alkitab Nusantara', 'C'),
(890, 'Sekolah Tinggi Alkitab Penyebaran Injil (STAPIN) Majalengka', 'C'),
(891, 'Sekolah Tinggi Alkitab Tiranus Bandung', 'C'),
(892, 'Sekolah Tinggi Analis Bakti Asih', 'C'),
(893, 'Sekolah Tinggi Arsitektur YKPN Yogyakarta', 'C'),
(894, 'Sekolah Tinggi Bahasa Asing Haji Agus Salim', 'C'),
(895, 'Sekolah Tinggi Bahasa Asing IEC Bekasi', 'C'),
(896, 'Sekolah Tinggi Bahasa Asing IEC Jakarta', 'C'),
(897, 'Sekolah Tinggi Bahasa Asing LIA Jakarta', 'C'),
(898, 'Sekolah Tinggi Bahasa Asing LIA Yogyakarta', 'C'),
(899, 'Sekolah Tinggi Bahasa Asing Persada Bunda', 'C'),
(900, 'Sekolah Tinggi Bahasa Asing Pontianak', 'C'),
(901, 'Sekolah Tinggi Bahasa Asing Prayoga', 'C'),
(902, 'Sekolah Tinggi Bahasa Asing Sebelas April Sumedang', 'C'),
(903, 'Sekolah Tinggi Bahasa Asing Technocrat', 'C'),
(904, 'Sekolah Tinggi Bahasa Asing Yapari', 'C'),
(905, 'Sekolah Tinggi Bahasa Harapan Bersama', 'C'),
(906, 'Sekolah Tinggi Bibelvrouw HKBP Laguboti', 'C'),
(907, 'Sekolah Tinggi Bio Sains Swadiri', 'C'),
(908, 'Sekolah Tinggi Bisnis dan Manajemen Dua Saudara', 'C'),
(909, 'Sekolah Tinggi Desain Indonesia Bandung', 'C'),
(910, 'Sekolah Tinggi Desain Interstudi', 'C'),
(911, 'Sekolah Tinggi Desain La Salle', 'C'),
(912, 'Sekolah Tinggi Dirasat Islamiyah Imam Syafi`i Jember', 'C'),
(913, 'Sekolah Tinggi Ekonomi Bisnis Islam Syari\'ah Bina Mandiri Cileungsu Bogor', 'C'),
(914, 'Sekolah Tinggi Ekonomi dan Bisnis Islam Al Jabar Bandung Jawa Barat', 'C'),
(915, 'Sekolah Tinggi Ekonomi dan Bisnis Islam Al-Muhsin Yogyakarta', 'C'),
(916, 'Sekolah Tinggi Ekonomi Dan Bisnis Islam Darussalam Ogan Komering Ilir Sumsel', 'C'),
(917, 'Sekolah Tinggi Ekonomi dan Bisnis Islam Syaikhona Kholil Sidogiri Pasuruan', 'C'),
(918, 'Sekolah Tinggi Ekonomi dan Bisnis Islam Tanggamus Lampung', 'C'),
(919, 'Sekolah Tinggi Ekonomi dan Perbankan Islam Mr. Sjafruddin Prawiranegara', 'C'),
(920, 'Sekolah Tinggi Ekonomi Islam (STEI) Hamfara Yogyakarta', 'C'),
(921, 'Sekolah Tinggi Ekonomi Islam Kanjeng Sepuh Gresik Jawa Timur', 'C'),
(922, 'Sekolah Tinggi Ekonomi Islam LPPM Padalarang', 'C'),
(923, 'Sekolah Tinggi Ekonomi Islam Masyarakat Madani Pamekasan Jawa Timur', 'C'),
(924, 'Sekolah Tinggi Ekonomi Islam SEBI (STEI SEBI) Ciputat Tangerang', 'C'),
(925, 'Sekolah Tinggi Ekonomi Islam Yogyakarta', 'C'),
(926, 'Sekolah Tinggi Ekonomi Pandu Madania', 'C'),
(927, 'Sekolah Tinggi Ekonomi Syari\'ah Bhakti Nugraha', 'C'),
(928, 'Sekolah Tinggi Ekonomi Syariah Ihya Ulumiddin Banyuwangi Jawa Timur', 'C'),
(929, 'Sekolah Tinggi Ekonomi Syariah Riyadlul Jannah Mojokerto Jawa timur', 'C'),
(930, 'Sekolah Tinggi Elektronika & Komputer (STEKOM)', 'C'),
(931, 'Sekolah Tinggi Farmasi Indonesia', 'C'),
(932, 'Sekolah Tinggi Farmasi Indonesia Perintis Padang', 'C'),
(933, 'Sekolah Tinggi Farmasi Mahaganesha', 'C'),
(934, 'Sekolah Tinggi Farmasi Muhammadiyah Tangerang', 'C'),
(935, 'Sekolah Tinggi Farmasi YPIB Cirebon', 'C'),
(936, 'Sekolah Tinggi Filsafat Driyarkara', 'C'),
(937, 'Sekolah Tinggi Filsafat Islam (STFI) Sadra Jakarta', 'C'),
(938, 'Sekolah Tinggi Filsafat Jaffray Makassar', 'C'),
(939, 'Sekolah Tinggi Filsafat Katolik Ledalero', 'C'),
(940, 'Sekolah Tinggi Filsafat Seminari Pineleng', 'C'),
(941, 'Sekolah Tinggi Filsafat Teologi Widya Sasana', 'C'),
(942, 'Sekolah Tinggi Filsafat Theologi Jakarta', 'C'),
(943, 'Sekolah Tinggi Filsafat Theologia Surya Nusantara', 'C'),
(944, 'Sekolah Tinggi Hukum Bandung', 'C'),
(945, 'Sekolah Tinggi Hukum Galunggung', 'C'),
(946, 'Sekolah Tinggi Hukum Garut', 'C'),
(947, 'Sekolah Tinggi Hukum Pasundan', 'C'),
(948, 'Sekolah Tinggi IImu Kesehatan Husada Jombang', 'C'),
(949, 'Sekolah Tinggi Ilmu Administrasi Aan', 'C'),
(950, 'Sekolah Tinggi Ilmu Administrasi Adabiah', 'C'),
(951, 'Sekolah Tinggi Ilmu Administrasi Al Ghazali Barru', 'C'),
(952, 'Sekolah Tinggi Ilmu Administrasi Amuntai', 'C'),
(953, 'Sekolah Tinggi Ilmu Administrasi Bagasasi', 'C'),
(954, 'Sekolah Tinggi Ilmu Administrasi Bandung', 'C'),
(955, 'Sekolah Tinggi Ilmu Administrasi Banten', 'C'),
(956, 'Sekolah Tinggi Ilmu Administrasi Bayuangga', 'C'),
(957, 'Sekolah Tinggi Ilmu Administrasi Bengkulu', 'C'),
(958, 'Sekolah Tinggi Ilmu Administrasi Bina Banua Banjarmasin', 'C'),
(959, 'Sekolah Tinggi Ilmu Administrasi Bina Taruna', 'C'),
(960, 'Sekolah Tinggi Ilmu Administrasi Cimahi', 'C'),
(961, 'Sekolah Tinggi Ilmu Administrasi dan Manajemen Kepelabuhan Barunawati', 'C'),
(962, 'Sekolah Tinggi Ilmu Administrasi Iskandar Thani', 'C'),
(963, 'Sekolah Tinggi Ilmu Administrasi Lancang Kuning', 'C'),
(964, 'Sekolah Tinggi Ilmu Administrasi Langgur', 'C'),
(965, 'Sekolah Tinggi Ilmu Administrasi Malang', 'C'),
(966, 'Sekolah Tinggi Ilmu Administrasi Mataram', 'C'),
(967, 'Sekolah Tinggi Ilmu Administrasi Maulana Yusuf', 'C'),
(968, 'Sekolah Tinggi Ilmu Administrasi Menara Siswa', 'C'),
(969, 'Sekolah Tinggi Ilmu Administrasi Muhammadiyah Selong', 'C'),
(970, 'Sekolah Tinggi Ilmu Administrasi Nasional', 'C'),
(971, 'Sekolah Tinggi Ilmu Administrasi Panca Marga Palu', 'C'),
(972, 'Sekolah Tinggi Ilmu Administrasi Panglima Sudirman', 'C'),
(973, 'Sekolah Tinggi Ilmu Administrasi Pelita Nusantara', 'C'),
(974, 'Sekolah Tinggi Ilmu Administrasi Pembangunan', 'C'),
(975, 'Sekolah Tinggi Ilmu Administrasi Prima', 'C');
INSERT INTO `universitas` (`id`, `nama`, `peringkat`) VALUES
(976, 'Sekolah Tinggi Ilmu Administrasi Sandikta', 'C'),
(977, 'Sekolah Tinggi Ilmu Administrasi Satya Negara', 'C'),
(978, 'Sekolah Tinggi Ilmu Administrasi Sebelas April', 'C'),
(979, 'Sekolah Tinggi Ilmu Administrasi Setih Setio', 'C'),
(980, 'Sekolah Tinggi Ilmu Administrasi Tabalong', 'C'),
(981, 'Sekolah Tinggi Ilmu Administrasi YAPPI Makassa', 'C'),
(982, 'Sekolah Tinggi Ilmu Agama Buddha Jinarakkhita', 'C'),
(983, 'Sekolah Tinggi Ilmu Agama Buddha Smaratungga', 'C'),
(984, 'Sekolah Tinggi Ilmu Al Qur\'an Ar-Rahman', 'C'),
(985, 'Sekolah Tinggi Ilmu Al Quran Al Multazam', 'C'),
(986, 'Sekolah Tinggi Ilmu Al Quran Kepulauan Riau', 'C'),
(987, 'Sekolah Tinggi Ilmu Al Quran Wali Songo Situbondo Jawa Timur', 'C'),
(988, 'Sekolah Tinggi Ilmu Al-Qur\'an (STIQ) Bima', 'C'),
(989, 'Sekolah Tinggi Ilmu Al-Qur\'an Amuntai', 'C'),
(990, 'Sekolah Tinggi Ilmu Al-Qur\'an Dan Sains Al-Ishlah Lamongan Jawa Timur', 'C'),
(991, 'Sekolah Tinggi Ilmu Al-Qur\'an Nurul Islam', 'C'),
(992, 'Sekolah Tinggi Ilmu Al-Qur`an (STIQ) Isy Karima Karanganyar', 'C'),
(993, 'Sekolah Tinggi Ilmu Bahasa Arab Darul Ulum Banyuanyar Pamekasan Jawa Timur', 'C'),
(994, 'Sekolah Tinggi Ilmu Bahasa Asing Invada', 'C'),
(995, 'Sekolah Tinggi Ilmu Bahasa Asing Malang', 'C'),
(996, 'Sekolah Tinggi Ilmu Bahasa dan Dakwah Masjid Agung Sunan Ampel Surabaya Jatim', 'C'),
(997, 'Sekolah Tinggi Ilmu Bahasa Dan Sastra Satya Widya', 'C'),
(998, 'Sekolah Tinggi Ilmu Budaya Islam Syekh Jangkung Pati', 'C'),
(999, 'Sekolah Tinggi Ilmu Dakwah dan Komunikasi Al-Hamidy Pamekasan', 'C'),
(1000, 'Sekolah Tinggi Ilmu Dakwah dan Komunikasi Islam Al Mardliyyah Pamekasan', 'C'),
(1001, 'Sekolah Tinggi Ilmu Dakwah dan Komunikasi Islam Ar-rahmah Surabaya', 'C'),
(1002, 'Sekolah Tinggi Ilmu Dakwah Raudlatul Iman Sumenep Jawa Timur', 'C'),
(1003, 'Sekolah Tinggi Ilmu Dakwah Sirnarasa', 'C'),
(1004, 'Sekolah Tinggi Ilmu Ekonomi 45 Mataram', 'C'),
(1005, 'Sekolah Tinggi Ilmu Ekonomi Adi Unggul Bhirawa', 'C'),
(1006, 'Sekolah Tinggi Ilmu Ekonomi Al Khairiyah', 'C'),
(1007, 'Sekolah Tinggi Ilmu Ekonomi Al-Anwar', 'C'),
(1008, 'Sekolah Tinggi Ilmu Ekonomi Al-Washliyah', 'C'),
(1009, 'Sekolah Tinggi Ilmu Ekonomi AMA', 'C'),
(1010, 'Sekolah Tinggi Ilmu Ekonomi Amkop Makassar', 'C'),
(1011, 'Sekolah Tinggi Ilmu Ekonomi AMM Mataram', 'C'),
(1012, 'Sekolah Tinggi Ilmu Ekonomi Amsir Pare-pare', 'C'),
(1013, 'Sekolah Tinggi Ilmu Ekonomi APRIN', 'C'),
(1014, 'Sekolah Tinggi Ilmu Ekonomi Artha Bodhi Iswara', 'C'),
(1015, 'Sekolah Tinggi Ilmu Ekonomi Assholeh', 'C'),
(1016, 'Sekolah Tinggi Ilmu Ekonomi Atma Bhakti Surakarta', 'C'),
(1017, 'Sekolah Tinggi Ilmu Ekonomi Bajiminasa Makassar', 'C'),
(1018, 'Sekolah Tinggi Ilmu Ekonomi Balikpapan', 'C'),
(1019, 'Sekolah Tinggi Ilmu Ekonomi Bangkinang', 'C'),
(1020, 'Sekolah Tinggi Ilmu Ekonomi Bank Bpd Jawa Tengah', 'C'),
(1021, 'Sekolah Tinggi Ilmu Ekonomi Banten', 'C'),
(1022, 'Sekolah Tinggi Ilmu Ekonomi Bentara Persada Batam', 'C'),
(1023, 'Sekolah Tinggi Ilmu Ekonomi Bhakti Pembangunan', 'C'),
(1024, 'Sekolah Tinggi Ilmu Ekonomi Bina Karya', 'C'),
(1025, 'Sekolah Tinggi Ilmu Ekonomi Binaniaga', 'C'),
(1026, 'Sekolah Tinggi Ilmu Ekonomi Bisma Lepisi', 'C'),
(1027, 'Sekolah Tinggi Ilmu Ekonomi Boedi Oetomo', 'C'),
(1028, 'Sekolah Tinggi Ilmu Ekonomi Cendekia Bojonegoro', 'C'),
(1029, 'Sekolah Tinggi Ilmu Ekonomi Cendekia Karya Utama', 'C'),
(1030, 'Sekolah Tinggi Ilmu Ekonomi Cipasung', 'C'),
(1031, 'Sekolah Tinggi Ilmu Ekonomi Cirebon', 'C'),
(1032, 'Sekolah Tinggi Ilmu Ekonomi Dahani Dahanai Buntok', 'C'),
(1033, 'Sekolah Tinggi Ilmu Ekonomi Dewantara', 'C'),
(1034, 'Sekolah Tinggi Ilmu Ekonomi Dharma Nasional Jember', 'C'),
(1035, 'Sekolah Tinggi Ilmu Ekonomi Dharma Negara', 'C'),
(1036, 'Sekolah Tinggi Ilmu Ekonomi Dharma Putra Pekanbaru', 'C'),
(1037, 'Sekolah Tinggi Ilmu Ekonomi Dharma Putra Semarang', 'C'),
(1038, 'Sekolah Tinggi Ilmu Ekonomi Dr Kh Ez Mutaqien', 'C'),
(1039, 'Sekolah Tinggi Ilmu Ekonomi Dwi Sakti Baturaja', 'C'),
(1040, 'Sekolah Tinggi Ilmu Ekonomi Dwimulya', 'C'),
(1041, 'Sekolah Tinggi Ilmu Ekonomi Eben Haezer Manado', 'C'),
(1042, 'Sekolah Tinggi Ilmu Ekonomi Eka Prasetya', 'C'),
(1043, 'Sekolah Tinggi Ilmu Ekonomi Ekadharma Indonesia', 'C'),
(1044, 'Sekolah Tinggi Ilmu Ekonomi Ekuitas Bandung', 'C'),
(1045, 'Sekolah Tinggi Ilmu Ekonomi El Fatah Manado', 'C'),
(1046, 'Sekolah Tinggi Ilmu Ekonomi El Hakim', 'C'),
(1047, 'Sekolah Tinggi Ilmu Ekonomi Enam-Enam Kendari', 'C'),
(1048, 'Sekolah Tinggi Ilmu Ekonomi Fatahillah', 'C'),
(1049, 'Sekolah Tinggi Ilmu Ekonomi Fatahillah', 'C'),
(1050, 'Sekolah Tinggi Ilmu Ekonomi Ganesha', 'C'),
(1051, 'Sekolah Tinggi Ilmu Ekonomi Gema Widya Bangsa', 'C'),
(1052, 'Sekolah Tinggi Ilmu Ekonomi Gempol', 'C'),
(1053, 'Sekolah Tinggi Ilmu Ekonomi Gentiaras', 'C'),
(1054, 'Sekolah Tinggi Ilmu Ekonomi Gici', 'C'),
(1055, 'Sekolah Tinggi Ilmu Ekonomi Graha Karya Muara Bulian', 'C'),
(1056, 'Sekolah Tinggi Ilmu Ekonomi Graha Kirana', 'C'),
(1057, 'Sekolah Tinggi Ilmu Ekonomi H. Agus Salim', 'C'),
(1058, 'Sekolah Tinggi Ilmu Ekonomi Harapan Bangsa', 'C'),
(1059, 'Sekolah Tinggi Ilmu Ekonomi Hidayatullah Depok', 'C'),
(1060, 'Sekolah Tinggi Ilmu Ekonomi IBMT', 'C'),
(1061, 'Sekolah Tinggi Ilmu Ekonomi IEU', 'C'),
(1062, 'Sekolah Tinggi Ilmu Ekonomi Indocakti', 'C'),
(1063, 'Sekolah Tinggi Ilmu Ekonomi Indonesia Banjarmasin', 'C'),
(1064, 'Sekolah Tinggi Ilmu Ekonomi Indonesia Jakarta', 'C'),
(1065, 'Sekolah Tinggi Ilmu Ekonomi Indonesia Makassar', 'C'),
(1066, 'Sekolah Tinggi Ilmu Ekonomi Indonesia Malang', 'C'),
(1067, 'Sekolah Tinggi Ilmu Ekonomi Indonesia Membangun (Inaba)', 'C'),
(1068, 'Sekolah Tinggi Ilmu Ekonomi Indonesia Pontianak', 'C'),
(1069, 'Sekolah Tinggi Ilmu Ekonomi Indonesia Surabaya', 'C'),
(1070, 'Sekolah Tinggi Ilmu Ekonomi Indragiri', 'C'),
(1071, 'Sekolah Tinggi Ilmu Ekonomi Insan Pembangunan', 'C'),
(1072, 'Sekolah Tinggi Ilmu Ekonomi IPWI Jakarta', 'C'),
(1073, 'Sekolah Tinggi Ilmu Ekonomi Isti Ekatana Upaweda', 'C'),
(1074, 'Sekolah Tinggi Ilmu Ekonomi Jaya Negara', 'C'),
(1075, 'Sekolah Tinggi Ilmu Ekonomi Karya', 'C'),
(1076, 'Sekolah Tinggi Ilmu Ekonomi Kasih Bangsa', 'C'),
(1077, 'Sekolah Tinggi Ilmu Ekonomi KBP', 'C'),
(1078, 'Sekolah Tinggi Ilmu Ekonomi Kesumanegara', 'C'),
(1079, 'Sekolah Tinggi Ilmu Ekonomi Koperasi Malang', 'C'),
(1080, 'Sekolah Tinggi Ilmu Ekonomi Kridatama Bandung', 'C'),
(1081, 'Sekolah Tinggi Ilmu Ekonomi La Tansa Mashiro', 'C'),
(1082, 'Sekolah Tinggi Ilmu Ekonomi Lamappoleonro', 'C'),
(1083, 'Sekolah Tinggi Ilmu Ekonomi Lampung', 'C'),
(1084, 'Sekolah Tinggi Ilmu Ekonomi Latifah Mubarokiyah', 'C'),
(1085, 'Sekolah Tinggi Ilmu Ekonomi Lembah Dempo', 'C'),
(1086, 'Sekolah Tinggi Ilmu Ekonomi Lhokseumawe', 'C'),
(1087, 'Sekolah Tinggi Ilmu Ekonomi LMII', 'C'),
(1088, 'Sekolah Tinggi Ilmu Ekonomi LPI Makassar', 'C'),
(1089, 'Sekolah Tinggi Ilmu Ekonomi Madani Balikpapan', 'C'),
(1090, 'Sekolah Tinggi Ilmu Ekonomi Mahardhika', 'C'),
(1091, 'Sekolah Tinggi Ilmu Ekonomi Makassar Bongaya', 'C'),
(1092, 'Sekolah Tinggi Ilmu Ekonomi Makassar Maju', 'C'),
(1093, 'Sekolah Tinggi Ilmu Ekonomi Malangkucecwara', 'C'),
(1094, 'Sekolah Tinggi Ilmu Ekonomi Mandala', 'C'),
(1095, 'Sekolah Tinggi Ilmu Ekonomi Miftahul Huda', 'C'),
(1096, 'Sekolah Tinggi Ilmu Ekonomi Mikroskil', 'C'),
(1097, 'Sekolah Tinggi Ilmu Ekonomi Muara Teweh', 'C'),
(1098, 'Sekolah Tinggi Ilmu Ekonomi Muhammadiyah Asahan kisaran', 'C'),
(1099, 'Sekolah Tinggi Ilmu Ekonomi Muhammadiyah Cilacap', 'C'),
(1100, 'Sekolah Tinggi Ilmu Ekonomi Muhammadiyah Jakarta', 'C'),
(1101, 'Sekolah Tinggi Ilmu Ekonomi Muhammadiyah Kalianda', 'C'),
(1102, 'Sekolah Tinggi Ilmu Ekonomi Muhammadiyah Mamuju', 'C'),
(1103, 'Sekolah Tinggi Ilmu Ekonomi Muhammadiyah Tuban', 'C'),
(1104, 'Sekolah Tinggi Ilmu Ekonomi Mujahidin Toli-Toli', 'C'),
(1105, 'Sekolah Tinggi Ilmu Ekonomi Mulia Pratama', 'C'),
(1106, 'Sekolah Tinggi Ilmu Ekonomi Mulia Singkawang', 'C'),
(1107, 'Sekolah Tinggi Ilmu Ekonomi Nasional Banjarmasin', 'C'),
(1108, 'Sekolah Tinggi Ilmu Ekonomi Nganjuk', 'C'),
(1109, 'Sekolah Tinggi Ilmu Ekonomi Nias Selatan', 'C'),
(1110, 'Sekolah Tinggi Ilmu Ekonomi Nobel Indonesia', 'C'),
(1111, 'Sekolah Tinggi Ilmu Ekonomi Nu Trate', 'C'),
(1112, 'Sekolah Tinggi Ilmu Ekonomi Nusa Megarkencana', 'C'),
(1113, 'Sekolah Tinggi Ilmu Ekonomi Nusantara Sangatta', 'C'),
(1114, 'Sekolah Tinggi Ilmu Ekonomi Oemathonis', 'C'),
(1115, 'Sekolah Tinggi Ilmu Ekonomi Palangka Raya', 'C'),
(1116, 'Sekolah Tinggi Ilmu Ekonomi Panca Bhakti Palu', 'C'),
(1117, 'Sekolah Tinggi Ilmu Ekonomi Pancasetia', 'C'),
(1118, 'Sekolah Tinggi Ilmu Ekonomi Pariwisata Indonesia', 'C'),
(1119, 'Sekolah Tinggi Ilmu Ekonomi Pariwisata Internasional', 'C'),
(1120, 'Sekolah Tinggi Ilmu Ekonomi Pariwisata YAPARI', 'C'),
(1121, 'Sekolah Tinggi Ilmu Ekonomi Pasaman', 'C'),
(1122, 'Sekolah Tinggi Ilmu Ekonomi Pasundan', 'C'),
(1123, 'Sekolah Tinggi Ilmu Ekonomi Pelita Nusantara', 'C'),
(1124, 'Sekolah Tinggi Ilmu Ekonomi Pembangunan Nasional', 'C'),
(1125, 'Sekolah Tinggi Ilmu Ekonomi Pembangunan Tanjungpinang', 'C'),
(1126, 'Sekolah Tinggi Ilmu Ekonomi Pemuda', 'C'),
(1127, 'Sekolah Tinggi Ilmu Ekonomi Pengembangan Bisnis dan Manajemen', 'C'),
(1128, 'Sekolah Tinggi Ilmu Ekonomi Perbankan Indonesia', 'C'),
(1129, 'Sekolah Tinggi Ilmu Ekonomi Persada Bunda', 'C'),
(1130, 'Sekolah Tinggi Ilmu Ekonomi Pertiba', 'C'),
(1131, 'Sekolah Tinggi Ilmu Ekonomi PGRI Dewantara', 'C'),
(1132, 'Sekolah Tinggi Ilmu Ekonomi PGRI Sukabumi', 'C'),
(1133, 'Sekolah Tinggi Ilmu Ekonomi Pontianak', 'C'),
(1134, 'Sekolah Tinggi Ilmu Ekonomi Ppi', 'C'),
(1135, 'Sekolah Tinggi Ilmu Ekonomi Prabumulih', 'C'),
(1136, 'Sekolah Tinggi Ilmu Ekonomi Prasetiya Mandiri Lampung', 'C'),
(1137, 'Sekolah Tinggi Ilmu Ekonomi Professional Manajemen College Indonesia', 'C'),
(1138, 'Sekolah Tinggi Ilmu Ekonomi Purna Graha', 'C'),
(1139, 'Sekolah Tinggi Ilmu Ekonomi Putra Bangsa', 'C'),
(1140, 'Sekolah Tinggi Ilmu Ekonomi Ragam Tunas', 'C'),
(1141, 'Sekolah Tinggi Ilmu Ekonomi Riau', 'C'),
(1142, 'Sekolah Tinggi Ilmu Ekonomi Sabang', 'C'),
(1143, 'Sekolah Tinggi Ilmu Ekonomi Sakti Alam Kerinci', 'C'),
(1144, 'Sekolah Tinggi Ilmu Ekonomi Samarinda', 'C'),
(1145, 'Sekolah Tinggi Ilmu Ekonomi Sampit', 'C'),
(1146, 'Sekolah Tinggi Ilmu Ekonomi Satya Dharma', 'C'),
(1147, 'Sekolah Tinggi Ilmu Ekonomi SBI', 'C'),
(1148, 'Sekolah Tinggi Ilmu Ekonomi Sebelas April', 'C'),
(1149, 'Sekolah Tinggi Ilmu Ekonomi Semarang', 'C'),
(1150, 'Sekolah Tinggi Ilmu Ekonomi Stan Im', 'C'),
(1151, 'Sekolah Tinggi Ilmu Ekonomi STEMBI', 'C'),
(1152, 'Sekolah Tinggi Ilmu Ekonomi Stmy', 'C'),
(1153, 'Sekolah Tinggi Ilmu Ekonomi Sultan Agung', 'C'),
(1154, 'Sekolah Tinggi Ilmu Ekonomi Sumatera Barat', 'C'),
(1155, 'Sekolah Tinggi Ilmu Ekonomi Surakarta', 'C'),
(1156, 'Sekolah Tinggi Ilmu Ekonomi Surya Nusantara', 'C'),
(1157, 'Sekolah Tinggi Ilmu Ekonomi Sutaatmadja', 'C'),
(1158, 'Sekolah Tinggi Ilmu Ekonomi Swasta Mandiri', 'C'),
(1159, 'Sekolah Tinggi Ilmu Ekonomi Syariah Bengkalis', 'C'),
(1160, 'Sekolah Tinggi Ilmu Ekonomi Syariah Imam Asy Syafii Pekanbaru Riau', 'C'),
(1161, 'Sekolah Tinggi Ilmu Ekonomi Syariah Nahdlatul Ulama Bengkulu', 'C'),
(1162, 'Sekolah Tinggi Ilmu Ekonomi Syariah Putera Bangsa Tegal Jawa Tengah', 'C'),
(1163, 'Sekolah Tinggi Ilmu Ekonomi Tamansiswa', 'C'),
(1164, 'Sekolah Tinggi Ilmu Ekonomi Tenggarong', 'C'),
(1165, 'Sekolah Tinggi Ilmu Ekonomi Totalwin', 'C'),
(1166, 'Sekolah Tinggi Ilmu Ekonomi Tri Bhakti', 'C'),
(1167, 'Sekolah Tinggi Ilmu Ekonomi Tri Dharma Nusantara', 'C'),
(1168, 'Sekolah Tinggi Ilmu Ekonomi Tri Dharma Widya', 'C'),
(1169, 'Sekolah Tinggi Ilmu Ekonomi Tribuana Tambun', 'C'),
(1170, 'Sekolah Tinggi Ilmu Ekonomi Tricom', 'C'),
(1171, 'Sekolah Tinggi Ilmu Ekonomi Tridharma', 'C'),
(1172, 'Sekolah Tinggi Ilmu Ekonomi Triguna', 'C'),
(1173, 'Sekolah Tinggi Ilmu Ekonomi Trisakti', 'C'),
(1174, 'Sekolah Tinggi Ilmu Ekonomi Trisna Negara', 'C'),
(1175, 'Sekolah Tinggi Ilmu Ekonomi Tuah Negeri', 'C'),
(1176, 'Sekolah Tinggi Ilmu Ekonomi Umel', 'C'),
(1177, 'Sekolah Tinggi Ilmu Ekonomi Urip Sumoharjo', 'C'),
(1178, 'Sekolah Tinggi Ilmu Ekonomi Wibawa Karta Raharja', 'C'),
(1179, 'Sekolah Tinggi Ilmu Ekonomi Widya Dharma', 'C'),
(1180, 'Sekolah Tinggi Ilmu Ekonomi Widya Gama', 'C'),
(1181, 'Sekolah Tinggi Ilmu Ekonomi Widya Manggala', 'C'),
(1182, 'Sekolah Tinggi Ilmu Ekonomi Widya Manggalia', 'C'),
(1183, 'Sekolah Tinggi Ilmu Ekonomi Widya Praja Tanah Grogot', 'C'),
(1184, 'Sekolah Tinggi Ilmu Ekonomi Widya Wiwaha', 'C'),
(1185, 'Sekolah Tinggi Ilmu Ekonomi Wijaya Mulya', 'C'),
(1186, 'Sekolah Tinggi Ilmu Ekonomi Wira Bhakti', 'C'),
(1187, 'Sekolah Tinggi Ilmu Ekonomi Wiyatamandala', 'C'),
(1188, 'Sekolah Tinggi Ilmu Ekonomi Yadika Bangil', 'C'),
(1189, 'Sekolah Tinggi Ilmu Ekonomi YAI', 'C'),
(1190, 'Sekolah Tinggi Ilmu Ekonomi Yapan Surabaya', 'C'),
(1191, 'Sekolah Tinggi Ilmu Ekonomi Yapis', 'C'),
(1192, 'Sekolah Tinggi Ilmu Ekonomi Yasa Anggana', 'C'),
(1193, 'Sekolah Tinggi Ilmu Ekonomi Yasmi', 'C'),
(1194, 'Sekolah Tinggi Ilmu Ekonomi Ykp', 'C'),
(1195, 'Sekolah Tinggi Ilmu Ekonomi YKPN', 'C'),
(1196, 'Sekolah Tinggi Ilmu Ekonomi YPN', 'C'),
(1197, 'Sekolah Tinggi Ilmu Ekonomi YPPI', 'C'),
(1198, 'Sekolah Tinggi Ilmu Ekonomi YPUP Makassar', 'C'),
(1199, 'Sekolah Tinggi Ilmu Farmasi Bhakti Pertiwi', 'C'),
(1200, 'Sekolah Tinggi Ilmu Farmasi dan  Pengetahuan Alam Pelita Mas Palu', 'C'),
(1201, 'Sekolah Tinggi Ilmu Farmasi Makassar', 'C'),
(1202, 'Sekolah Tinggi Ilmu Farmasi Padang', 'C'),
(1203, 'Sekolah Tinggi Ilmu Farmasi Riau', 'C'),
(1204, 'Sekolah Tinggi Ilmu Farmasi Yayasan Pharmasi', 'C'),
(1205, 'Sekolah Tinggi Ilmu Fiqih Syeikh Nawawi Tanara Banten', 'C'),
(1206, 'Sekolah Tinggi Ilmu Hukum \'UMEL MANDIRI\'', 'C'),
(1207, 'Sekolah Tinggi Ilmu Hukum Amsir', 'C'),
(1208, 'Sekolah Tinggi Ilmu Hukum Awang Long', 'C'),
(1209, 'Sekolah Tinggi Ilmu Hukum Biak-Papua', 'C'),
(1210, 'Sekolah Tinggi Ilmu Hukum Graha Kirana', 'C'),
(1211, 'Sekolah Tinggi Ilmu Hukum IBLAM', 'C'),
(1212, 'Sekolah Tinggi Ilmu Hukum Lubuk Sikaping', 'C'),
(1213, 'Sekolah Tinggi Ilmu Hukum Manokwari', 'C'),
(1214, 'Sekolah Tinggi Ilmu Hukum Muhammadiyah Bima', 'C'),
(1215, 'Sekolah Tinggi Ilmu Hukum Muhammadiyah Kalianda', 'C'),
(1216, 'Sekolah Tinggi Ilmu Hukum Muhammadiyah Kisaran', 'C'),
(1217, 'Sekolah Tinggi Ilmu Hukum Padang', 'C'),
(1218, 'Sekolah Tinggi Ilmu Hukum Painan', 'C'),
(1219, 'Sekolah Tinggi Ilmu Hukum Pengayoman', 'C'),
(1220, 'Sekolah Tinggi Ilmu Hukum Persada Bunda', 'C'),
(1221, 'Sekolah Tinggi Ilmu Hukum Pertiba Pangkalpinang', 'C'),
(1222, 'Sekolah Tinggi Ilmu Hukum Soelthan M Tsjafioeddin', 'C'),
(1223, 'Sekolah Tinggi Ilmu Hukum Sultan Adam', 'C'),
(1224, 'Sekolah Tinggi Ilmu Hukum Sumpah Pemuda', 'C'),
(1225, 'Sekolah Tinggi Ilmu Hukum Sunan Giri', 'C'),
(1226, 'Sekolah Tinggi Ilmu Hukum Zainul Hasan', 'C'),
(1227, 'Sekolah Tinggi Ilmu Islam dan Bahasa Arab (STIBA) Makassar', 'C'),
(1228, 'Sekolah Tinggi Ilmu Kehutanan Pante Kulu', 'C'),
(1229, 'Sekolah Tinggi Ilmu Keperawatan PPNI Jawa Barat', 'C'),
(1230, 'Sekolah Tinggi Ilmu Kesehatan (STIKES) Muhammadiyah Kuningan', 'C'),
(1231, 'Sekolah Tinggi Ilmu Kesehatan Abdi Nusantara', 'C'),
(1232, 'Sekolah Tinggi Ilmu Kesehatan Ahmad Dahlan Cirebon', 'C'),
(1233, 'Sekolah Tinggi Ilmu Kesehatan Akbidyo', 'C'),
(1234, 'Sekolah Tinggi Ilmu Kesehatan Al Ma`arif', 'C'),
(1235, 'Sekolah Tinggi Ilmu Kesehatan Al-Su\'aibah', 'C'),
(1236, 'Sekolah Tinggi Ilmu Kesehatan Alifah Padang', 'C'),
(1237, 'Sekolah Tinggi Ilmu Kesehatan Arjuna', 'C'),
(1238, 'Sekolah Tinggi Ilmu Kesehatan Artha Bodhi Iswara', 'C'),
(1239, 'Sekolah Tinggi Ilmu Kesehatan Baiturrahim', 'C'),
(1240, 'Sekolah Tinggi Ilmu Kesehatan Bakti Tunas Husada Tasikmalaya', 'C'),
(1241, 'Sekolah Tinggi Ilmu Kesehatan Bakti Utama Pati', 'C'),
(1242, 'Sekolah Tinggi Ilmu Kesehatan Bani Saleh', 'C'),
(1243, 'Sekolah Tinggi Ilmu Kesehatan Banten', 'C'),
(1244, 'Sekolah Tinggi Ilmu Kesehatan Banyuwangi', 'C'),
(1245, 'Sekolah Tinggi Ilmu Kesehatan Baramuli', 'C'),
(1246, 'Sekolah Tinggi Ilmu Kesehatan Bethesda Yakkum', 'C'),
(1247, 'Sekolah Tinggi Ilmu Kesehatan Bina Generasi Polewali Mandar', 'C'),
(1248, 'Sekolah Tinggi Ilmu Kesehatan Bina Husada', 'C'),
(1249, 'Sekolah Tinggi Ilmu Kesehatan Bina Putra Banjar', 'C'),
(1250, 'Sekolah Tinggi Ilmu Kesehatan Bina Sehat PPNI Mojokerto', 'C'),
(1251, 'Sekolah Tinggi Ilmu Kesehatan Binalita Sudama', 'C'),
(1252, 'Sekolah Tinggi Ilmu Kesehatan Borneo Lestari', 'C'),
(1253, 'Sekolah Tinggi Ilmu Kesehatan Brebes', 'C'),
(1254, 'Sekolah Tinggi Ilmu Kesehatan Budhi Luhur Cimahi', 'C'),
(1255, 'Sekolah Tinggi Ilmu Kesehatan Budi Kemuliaan', 'C'),
(1256, 'Sekolah Tinggi Ilmu Kesehatan Buleleng', 'C'),
(1257, 'Sekolah Tinggi Ilmu Kesehatan Cahaya Bangsa', 'C'),
(1258, 'Sekolah Tinggi Ilmu Kesehatan Cendekia Utama', 'C'),
(1259, 'Sekolah Tinggi Ilmu Kesehatan Cirebon', 'C'),
(1260, 'Sekolah Tinggi Ilmu Kesehatan Datu Kamanre', 'C'),
(1261, 'Sekolah Tinggi Ilmu Kesehatan Dharma Husada', 'C'),
(1262, 'Sekolah Tinggi Ilmu Kesehatan Dian Husada', 'C'),
(1263, 'Sekolah Tinggi Ilmu Kesehatan Duta Gama Klaten', 'C'),
(1264, 'Sekolah Tinggi Ilmu Kesehatan Eka Harap Palangka Raya', 'C'),
(1265, 'Sekolah Tinggi Ilmu Kesehatan Elisabeth Semarang', 'C'),
(1266, 'Sekolah Tinggi Ilmu Kesehatan Flora', 'C'),
(1267, 'Sekolah Tinggi Ilmu Kesehatan Garut', 'C'),
(1268, 'Sekolah Tinggi Ilmu Kesehatan Gunung Sari', 'C'),
(1269, 'Sekolah Tinggi Ilmu Kesehatan Hakli', 'C'),
(1270, 'Sekolah Tinggi Ilmu Kesehatan Hang Tuah', 'C'),
(1271, 'Sekolah Tinggi Ilmu Kesehatan Hang Tuah', 'C'),
(1272, 'Sekolah Tinggi Ilmu Kesehatan Har-Kausyar', 'C'),
(1273, 'Sekolah Tinggi Ilmu Kesehatan Harapan Bangsa', 'C'),
(1274, 'Sekolah Tinggi Ilmu Kesehatan Harapan Bangsa Purwokerto', 'C'),
(1275, 'Sekolah Tinggi Ilmu Kesehatan Harapan Ibu Jambi', 'C'),
(1276, 'Sekolah Tinggi Ilmu Kesehatan Holistik', 'C'),
(1277, 'Sekolah Tinggi Ilmu Kesehatan Husada Mandiri Poso', 'C'),
(1278, 'Sekolah Tinggi Ilmu Kesehatan IKIFA', 'C'),
(1279, 'Sekolah Tinggi Ilmu Kesehatan Immanuel Bandung', 'C'),
(1280, 'Sekolah Tinggi Ilmu Kesehatan Indonesia', 'C'),
(1281, 'Sekolah Tinggi Ilmu Kesehatan Indonesia Jaya', 'C'),
(1282, 'Sekolah Tinggi Ilmu Kesehatan Indonesia Maju', 'C'),
(1283, 'Sekolah Tinggi Ilmu Kesehatan Indramayu', 'C'),
(1284, 'Sekolah Tinggi Ilmu Kesehatan Intan Martapura', 'C'),
(1285, 'Sekolah Tinggi Ilmu Kesehatan ISFI Banjarmasin', 'C'),
(1286, 'Sekolah Tinggi Ilmu Kesehatan IST Buton', 'C'),
(1287, 'Sekolah Tinggi Ilmu Kesehatan Istara Nusantara', 'C'),
(1288, 'Sekolah Tinggi Ilmu Kesehatan Jayapura', 'C'),
(1289, 'Sekolah Tinggi Ilmu Kesehatan Jenderal Achmad Yani', 'C'),
(1290, 'Sekolah Tinggi Ilmu Kesehatan Karya Kesehatan', 'C'),
(1291, 'Sekolah Tinggi Ilmu Kesehatan Keluarga Bunda Jambi', 'C'),
(1292, 'Sekolah Tinggi Ilmu Kesehatan Kendedes', 'C'),
(1293, 'Sekolah Tinggi Ilmu Kesehatan Kepanjen', 'C'),
(1294, 'Sekolah Tinggi Ilmu Kesehatan Kesdam IV/Diponegoro', 'C'),
(1295, 'Sekolah Tinggi Ilmu Kesehatan Kesdam IX/Udayana', 'C'),
(1296, 'Sekolah Tinggi Ilmu Kesehatan Kesetiakawanan Sosial Indonesia Jakarta', 'C'),
(1297, 'Sekolah Tinggi Ilmu Kesehatan Kuningan Garawangi', 'C'),
(1298, 'Sekolah Tinggi Ilmu Kesehatan Kurnia Jaya Persada', 'C'),
(1299, 'Sekolah Tinggi Ilmu Kesehatan Madani Yogyakarta', 'C'),
(1300, 'Sekolah Tinggi Ilmu Kesehatan Maharani', 'C'),
(1301, 'Sekolah Tinggi Ilmu Kesehatan Mahardika Cirebon', 'C'),
(1302, 'Sekolah Tinggi Ilmu Kesehatan Majapahit', 'C'),
(1303, 'Sekolah Tinggi Ilmu Kesehatan Makariwo Halmahera', 'C'),
(1304, 'Sekolah Tinggi Ilmu Kesehatan Makassar', 'C'),
(1305, 'Sekolah Tinggi Ilmu Kesehatan Marendeng Majene', 'C'),
(1306, 'Sekolah Tinggi Ilmu Kesehatan Mataram', 'C'),
(1307, 'Sekolah Tinggi Ilmu Kesehatan Medistra Indonesia', 'C'),
(1308, 'Sekolah Tinggi Ilmu Kesehatan Merangin Bangko', 'C'),
(1309, 'Sekolah Tinggi Ilmu Kesehatan Mercubaktijaya', 'C'),
(1310, 'Sekolah Tinggi Ilmu Kesehatan Mitra Adiguna', 'C'),
(1311, 'Sekolah Tinggi Ilmu Kesehatan Mitra Husada Karanganyar', 'C'),
(1312, 'Sekolah Tinggi Ilmu Kesehatan Mitra Husada Medan', 'C'),
(1313, 'Sekolah Tinggi Ilmu Kesehatan Mitra Keluarga', 'C'),
(1314, 'Sekolah Tinggi Ilmu Kesehatan Mitra Ria Husada', 'C'),
(1315, 'Sekolah Tinggi Ilmu Kesehatan Muhammadiyah Gombong', 'C'),
(1316, 'Sekolah Tinggi Ilmu Kesehatan Muhammadiyah Klaten', 'C'),
(1317, 'Sekolah Tinggi Ilmu Kesehatan Muhammadiyah Manado', 'C'),
(1318, 'Sekolah Tinggi Ilmu Kesehatan Muhammadiyah Wonosobo', 'C'),
(1319, 'Sekolah Tinggi Ilmu Kesehatan Mutiara Mahakam Samarinda', 'C'),
(1320, 'Sekolah Tinggi Ilmu Kesehatan Nani Hasanuddin', 'C'),
(1321, 'Sekolah Tinggi Ilmu Kesehatan Nasional', 'C'),
(1322, 'Sekolah Tinggi Ilmu Kesehatan Nazhatut Thullab Sampang', 'C'),
(1323, 'Sekolah Tinggi Ilmu Kesehatan Ngesti Waluyo', 'C'),
(1324, 'Sekolah Tinggi Ilmu Kesehatan Ngudia Husada Madura', 'C'),
(1325, 'Sekolah Tinggi Ilmu Kesehatan Notokusumo Yogyakarta', 'C'),
(1326, 'Sekolah Tinggi Ilmu Kesehatan Nusantara', 'C'),
(1327, 'Sekolah Tinggi Ilmu Kesehatan Nusantara Jaya Makassar', 'C'),
(1328, 'Sekolah Tinggi Ilmu Kesehatan Panrita Husada', 'C'),
(1329, 'Sekolah Tinggi Ilmu Kesehatan Panti Kosala', 'C'),
(1330, 'Sekolah Tinggi Ilmu Kesehatan Panti Rapih Yogyakarta', 'C'),
(1331, 'Sekolah Tinggi Ilmu Kesehatan Papua', 'C'),
(1332, 'Sekolah Tinggi Ilmu Kesehatan Patria Husada', 'C'),
(1333, 'Sekolah Tinggi Ilmu Kesehatan Payung Negeri', 'C'),
(1334, 'Sekolah Tinggi Ilmu Kesehatan Pemkab Jombang', 'C'),
(1335, 'Sekolah Tinggi Ilmu Kesehatan Persada Nabire', 'C'),
(1336, 'Sekolah Tinggi Ilmu Kesehatan Pertamedika', 'C'),
(1337, 'Sekolah Tinggi Ilmu Kesehatan Prima Indonesia', 'C'),
(1338, 'Sekolah Tinggi Ilmu Kesehatan Rajekwesi Bojonegoro', 'C'),
(1339, 'Sekolah Tinggi Ilmu Kesehatan RS Baptis Kediri', 'C'),
(1340, 'Sekolah Tinggi Ilmu Kesehatan RS Husada', 'C'),
(1341, 'Sekolah Tinggi Ilmu Kesehatan RSPAD Gatot Soebroto', 'C'),
(1342, 'Sekolah Tinggi Ilmu Kesehatan Salsabila Serang', 'C'),
(1343, 'Sekolah Tinggi Ilmu Kesehatan Samarinda', 'C'),
(1344, 'Sekolah Tinggi Ilmu Kesehatan Santa Elisabeth Medan', 'C'),
(1345, 'Sekolah Tinggi Ilmu Kesehatan Santo Borromeus', 'C'),
(1346, 'Sekolah Tinggi Ilmu Kesehatan Satria Bhakti Nganjuk', 'C'),
(1347, 'Sekolah Tinggi Ilmu Kesehatan Sehat Medan', 'C'),
(1348, 'Sekolah Tinggi Ilmu Kesehatan Serulingmas', 'C'),
(1349, 'Sekolah Tinggi Ilmu Kesehatan Sint Carolus', 'C'),
(1350, 'Sekolah Tinggi Ilmu Kesehatan Siti Khadijah', 'C'),
(1351, 'Sekolah Tinggi Ilmu Kesehatan Stella Maris Makasar', 'C'),
(1352, 'Sekolah Tinggi Ilmu Kesehatan Suaka Insan', 'C'),
(1353, 'Sekolah Tinggi Ilmu Kesehatan Sukabumi', 'C'),
(1354, 'Sekolah Tinggi Ilmu Kesehatan Surya Global', 'C'),
(1355, 'Sekolah Tinggi Ilmu Kesehatan Syedza Saintika', 'C'),
(1356, 'Sekolah Tinggi Ilmu Kesehatan Tamalatea Makassar', 'C'),
(1357, 'Sekolah Tinggi Ilmu Kesehatan Tanawali Takalar', 'C'),
(1358, 'Sekolah Tinggi Ilmu Kesehatan Tujuh Belas', 'C'),
(1359, 'Sekolah Tinggi Ilmu Kesehatan Widya Cipta Husada', 'C'),
(1360, 'Sekolah Tinggi Ilmu Kesehatan Widya Husada', 'C'),
(1361, 'Sekolah Tinggi Ilmu Kesehatan Widya Nusantara', 'C'),
(1362, 'Sekolah Tinggi Ilmu Kesehatan Widyagama Husada', 'C'),
(1363, 'Sekolah Tinggi Ilmu Kesehatan William Booth', 'C'),
(1364, 'Sekolah Tinggi Ilmu Kesehatan Wira Husada', 'C'),
(1365, 'Sekolah Tinggi Ilmu Kesehatan Wira Medika Bali', 'C'),
(1366, 'Sekolah Tinggi Ilmu Kesehatan Yapika Makassar', 'C'),
(1367, 'Sekolah Tinggi Ilmu Kesehatan Yatsi', 'C'),
(1368, 'Sekolah Tinggi Ilmu Kesehatan Yogyakarta', 'C'),
(1369, 'Sekolah Tinggi Ilmu Kesehatan YPAK Padang', 'C'),
(1370, 'Sekolah Tinggi Ilmu Kesehatan YPIB', 'C'),
(1371, 'Sekolah Tinggi Ilmu Kesejahteraan Sosial Manado', 'C'),
(1372, 'Sekolah Tinggi Ilmu Komputer Al-Khairiyah', 'C'),
(1373, 'Sekolah Tinggi Ilmu Komputer Ambon', 'C'),
(1374, 'Sekolah Tinggi Ilmu Komputer Binaniaga', 'C'),
(1375, 'Sekolah Tinggi Ilmu Komputer Cipta Karya Informatika Jakarta', 'C'),
(1376, 'Sekolah Tinggi Ilmu Komputer Medan', 'C'),
(1377, 'Sekolah Tinggi Ilmu Komputer Muhammadiyah Batam', 'C'),
(1378, 'Sekolah Tinggi Ilmu Komputer PGRI Banyuwangi', 'C'),
(1379, 'Sekolah Tinggi Ilmu Komputer Poltek Cirebon', 'C'),
(1380, 'Sekolah Tinggi Ilmu Komputer Yos Sudarso', 'C'),
(1381, 'Sekolah Tinggi Ilmu Komunikasi', 'C'),
(1382, 'Sekolah Tinggi Ilmu Komunikasi Almamater Wartawan Surabaya', 'C'),
(1383, 'Sekolah Tinggi Ilmu Komunikasi Bandung', 'C'),
(1384, 'Sekolah Tinggi Ilmu Komunikasi dan Sekretari Tarakanita', 'C'),
(1385, 'Sekolah Tinggi Ilmu Komunikasi Indonesia Maju', 'C'),
(1386, 'Sekolah Tinggi Ilmu Komunikasi Inter Studi', 'C'),
(1387, 'Sekolah Tinggi Ilmu Komunikasi Profesi Indonesia', 'C'),
(1388, 'Sekolah Tinggi Ilmu Komunikasi Yogyakarta', 'C'),
(1389, 'Sekolah Tinggi Ilmu Manajemen Budi Bakti', 'C'),
(1390, 'Sekolah Tinggi Ilmu Manajemen Indonesia Handayani', 'C'),
(1391, 'Sekolah Tinggi Ilmu Manajemen Informatika & Teknik Komputer Agamua Wamena Papua', 'C'),
(1392, 'Sekolah Tinggi Ilmu Manajemen Kupang', 'C'),
(1393, 'Sekolah Tinggi Ilmu Manajemen Sukma', 'C'),
(1394, 'Sekolah Tinggi Ilmu Manajemen YKPN', 'C'),
(1395, 'Sekolah Tinggi Ilmu Maritim Ami', 'C'),
(1396, 'Sekolah Tinggi Ilmu Pariwisata Manado', 'C'),
(1397, 'Sekolah Tinggi Ilmu Pelayaran Jakarta', 'C'),
(1398, 'Sekolah Tinggi Ilmu Pendidikan Bunga Bangsa', 'C'),
(1399, 'Sekolah Tinggi Ilmu Pendidikan Islam Maghfirah Bina Umat', 'C'),
(1400, 'Sekolah Tinggi Ilmu Perikanan Malang', 'C'),
(1401, 'Sekolah Tinggi Ilmu Pertanian Amuntai', 'C'),
(1402, 'Sekolah Tinggi Ilmu Pertanian Berau', 'C'),
(1403, 'Sekolah Tinggi Ilmu Pertanian Dharma Wacana', 'C'),
(1404, 'Sekolah Tinggi Ilmu Pertanian Farming', 'C'),
(1405, 'Sekolah Tinggi Ilmu Pertanian Graha Karya', 'C'),
(1406, 'Sekolah Tinggi Ilmu Pertanian Kendari', 'C'),
(1407, 'Sekolah Tinggi Ilmu Pertanian Muhammadiyah Tanah Grogot', 'C'),
(1408, 'Sekolah Tinggi Ilmu Pertanian Petra Baliem Wamena', 'C'),
(1409, 'Sekolah Tinggi Ilmu Pertanian Sriwigama', 'C'),
(1410, 'Sekolah Tinggi Ilmu Pertanian Wuna Raha', 'C'),
(1411, 'Sekolah Tinggi Ilmu Pertanian Yashafa', 'C'),
(1412, 'Sekolah Tinggi Ilmu Sosial dan Ilmu Politik Kartika Bangsa', 'C'),
(1413, 'Sekolah Tinggi Ilmu Sosial dan Ilmu Politik Nurdin Hamzah', 'C'),
(1414, 'Sekolah Tinggi Ilmu Sosial dan Ilmu Politik Panca Bhakti Palu', 'C'),
(1415, 'Sekolah Tinggi Ilmu Sosial dan Ilmu Politik Syamsul Ulum', 'C'),
(1416, 'Sekolah Tinggi Ilmu Sosial dan Politik Candradimuka', 'C'),
(1417, 'Sekolah Tinggi Ilmu Sosial Dan Politik Fajar Timur Atambua', 'C'),
(1418, 'Sekolah Tinggi Ilmu Sosial Dan Politik Mbojo', 'C'),
(1419, 'Sekolah Tinggi Ilmu Sosial dan Politik Waskita Dharma Malang', 'C'),
(1420, 'Sekolah Tinggi Ilmu Sosial Politik Wira Bhakti', 'C'),
(1421, 'Sekolah Tinggi Ilmu Syari\'ah (STIS) Nahdlatul Ulama Aceh', 'C'),
(1422, 'Sekolah Tinggi Ilmu Syari\'ah Darul Falah Bondowoso Jawa Timur', 'C'),
(1423, 'Sekolah Tinggi Ilmu Syari\'ah Darussalam Bermi', 'C'),
(1424, 'Sekolah Tinggi Ilmu Syari`ah Miftahul Ulum Lumajang', 'C'),
(1425, 'Sekolah Tinggi Ilmu Syariah (STIS) Al-Aziziyah Sabang', 'C'),
(1426, 'Sekolah Tinggi Ilmu Syariah (STIS) Al-Manar', 'C'),
(1427, 'Sekolah Tinggi Ilmu Syariah (STIS) Ummul Ayman Pidie Jaya', 'C'),
(1428, 'Sekolah Tinggi Ilmu Syariah Abu Zairi Bondowoso Jawa Timur', 'C'),
(1429, 'Sekolah Tinggi Ilmu Syariah Al Wafa', 'C'),
(1430, 'Sekolah Tinggi Ilmu Syariah Al-Wahidiyah Kediri', 'C'),
(1431, 'Sekolah Tinggi Ilmu Syariah As Salafiyah Sumber Duko Pamekasan Jawa Timur', 'C'),
(1432, 'Sekolah Tinggi Ilmu Syariah Husnul Khotimah (STISHK) Kuningan', 'C'),
(1433, 'Sekolah Tinggi Ilmu Syariah Nahdlatul Ulama (STISNU) Nusantara Tangerang', 'C'),
(1434, 'Sekolah Tinggi Ilmu Syariah Sayid mohammad Alawi Al Maliki Bondowoso Jawa Timur', 'C'),
(1435, 'Sekolah Tinggi Ilmu Syariah Wal Aqidah Ash-Shofa Manonjaya', 'C'),
(1436, 'Sekolah Tinggi Ilmu Tarbiyah (STIT) Al-Chaeriyah Mamuju Sulawesi Barat', 'C'),
(1437, 'Sekolah Tinggi Ilmu Tarbiyah (STIT) Islamiyah Nusa Tenggara Barat', 'C'),
(1438, 'Sekolah Tinggi Ilmu Tarbiyah Al Bukhary Labuhan Batu', 'C'),
(1439, 'Sekolah Tinggi Ilmu Tarbiyah Al Hikmah Bumi Agung Way Kanan', 'C'),
(1440, 'Sekolah Tinggi Ilmu Tarbiyah Al Mubarok Bandar Mataram', 'C'),
(1441, 'Sekolah Tinggi Ilmu Tarbiyah Al- Kifayah Riau', 'C'),
(1442, 'Sekolah Tinggi Ilmu Tarbiyah Al-Azhar Diniyah', 'C'),
(1443, 'Sekolah Tinggi Ilmu Tarbiyah Al-Hikmah Tebing Tinggi', 'C'),
(1444, 'Sekolah Tinggi Ilmu Tarbiyah Al-Ihsan Baleendah Bandung Jawa Barat', 'C'),
(1445, 'Sekolah Tinggi Ilmu Tarbiyah Al-Karimiyah', 'C'),
(1446, 'Sekolah Tinggi Ilmu Tarbiyah Al-Quraniyah Manna', 'C'),
(1447, 'Sekolah Tinggi Ilmu Tarbiyah Ar-Raudlatul Hasanah Medan Sumatera Utara', 'C'),
(1448, 'Sekolah Tinggi Ilmu Tarbiyah Ar-Risalah', 'C'),
(1449, 'Sekolah Tinggi Ilmu Tarbiyah Batubara', 'C'),
(1450, 'Sekolah Tinggi Ilmu Tarbiyah Darul Ulum', 'C'),
(1451, 'Sekolah Tinggi Ilmu Tarbiyah Darussalamah Pidie Banda Aceh', 'C'),
(1452, 'Sekolah Tinggi Ilmu Tarbiyah Ibnu Khaldun', 'C'),
(1453, 'Sekolah Tinggi Ilmu Tarbiyah INSIDA', 'C'),
(1454, 'Sekolah Tinggi Ilmu Tarbiyah Islamic Village Tangerang', 'C'),
(1455, 'Sekolah Tinggi Ilmu Tarbiyah Jembrana', 'C'),
(1456, 'Sekolah Tinggi Ilmu Tarbiyah Madani Yogyakarta', 'C'),
(1457, 'Sekolah Tinggi Ilmu Tarbiyah Makrifatul Ilmi Bengkulu Selatan', 'C'),
(1458, 'Sekolah Tinggi Ilmu Tarbiyah Misbahul Ulum Gumawang', 'C'),
(1459, 'Sekolah Tinggi Ilmu Tarbiyah Muhammadiyah Aceh Barat Daya', 'C'),
(1460, 'Sekolah Tinggi Ilmu Tarbiyah Muhammadiyah Bangil', 'C'),
(1461, 'Sekolah Tinggi Ilmu Tarbiyah Muhammadiyah Banjar', 'C'),
(1462, 'Sekolah Tinggi Ilmu Tarbiyah Muhammadiyah Bojonegoro', 'C'),
(1463, 'Sekolah Tinggi Ilmu Tarbiyah Nahdlatul Ulama (STITNU) Al-Farabi Pangandaran', 'C'),
(1464, 'Sekolah Tinggi Ilmu Tarbiyah Nahdlatul Ulama Sumber Agung Oku Timur', 'C'),
(1465, 'Sekolah Tinggi Ilmu Tarbiyah Pringsewu', 'C'),
(1466, 'Sekolah Tinggi Ilmu Tarbiyah Qurrota Ayun', 'C'),
(1467, 'Sekolah Tinggi Ilmu Tarbiyah Raden Wijaya', 'C'),
(1468, 'Sekolah Tinggi Ilmu Tarbiyah Rakeyan Santang Karawang Jawa Barat', 'C'),
(1469, 'Sekolah Tinggi Ilmu Tarbiyah Raudhatul Ulum Sakatiga Indralaya', 'C'),
(1470, 'Sekolah Tinggi Ilmu Tarbiyah Sunan Giri Bima', 'C'),
(1471, 'Sekolah Tinggi Ilmu Tarbiyah Syamsuddhuha Aceh Utara Banda Aceh', 'C'),
(1472, 'Sekolah Tinggi Ilmu Tarbiyah Syekh Burhanuddin Pariaman', 'C'),
(1473, 'Sekolah Tinggi Ilmu Tarbiyah Syekh Muhammad Nafis', 'C'),
(1474, 'Sekolah Tinggi Ilmu Tarbiyah Togo Ambarsari Bondowoso Jawa Timur', 'C'),
(1475, 'Sekolah Tinggi Ilmu Tarbiyah Tunas Bangsa Banjarnegara Jawa Tengah', 'C'),
(1476, 'Sekolah Tinggi Ilmu Teknik Trisula', 'C'),
(1477, 'Sekolah Tinggi Ilmu Ushuluddin Darussalam Bangkalan Jawa Timur', 'C'),
(1478, 'Sekolah Tinggi Ilmu Ushuluddin Masjid Al Akbar Surabaya Jawa Timur', 'C'),
(1479, 'Sekolah Tinggi Ilmu-Ilmu Sosial (STIS) Tual', 'C'),
(1480, 'Sekolah Tinggi Intelijen Negara', 'C'),
(1481, 'Sekolah Tinggi Islam Al-Mukmin Ngruki Cemani Sukoharjo', 'C'),
(1482, 'Sekolah Tinggi Islam Blambangan', 'C'),
(1483, 'Sekolah Tinggi Islam Kendal (STIK)', 'C'),
(1484, 'Sekolah Tinggi Keguruan dan Ilmu Pendidikan Agama Hindu Singaraja', 'C'),
(1485, 'Sekolah Tinggi Keguruan dan Ilmu Pendidikan Al Azhar Diniyah Jambi', 'C'),
(1486, 'Sekolah Tinggi Keguruan dan Ilmu Pendidikan Al Islam Tunas Bangsa', 'C'),
(1487, 'Sekolah Tinggi Keguruan dan Ilmu Pendidikan Amal Bakti', 'C'),
(1488, 'Sekolah Tinggi Keguruan dan Ilmu Pendidikan Bina Bangsa Getsempena', 'C'),
(1489, 'Sekolah Tinggi Keguruan dan Ilmu Pendidikan Bina Mutiara', 'C'),
(1490, 'Sekolah Tinggi Keguruan dan Ilmu Pendidikan Catur Sakti', 'C'),
(1491, 'Sekolah Tinggi Keguruan dan Ilmu Pendidikan Citra Bakti', 'C'),
(1492, 'Sekolah Tinggi Keguruan dan Ilmu Pendidikan Darud Da\'wah Wal Irsyad Polewali Mandar', 'C'),
(1493, 'Sekolah Tinggi Keguruan dan Ilmu Pendidikan Hatta Sjahrir Banda Naira', 'C'),
(1494, 'Sekolah Tinggi Keguruan dan Ilmu Pendidikan Insan Madani Airmolek', 'C'),
(1495, 'Sekolah Tinggi Keguruan dan Ilmu Pendidikan Invada Cirebon', 'C'),
(1496, 'Sekolah Tinggi Keguruan dan Ilmu Pendidikan Melawi', 'C'),
(1497, 'Sekolah Tinggi Keguruan dan Ilmu Pendidikan Muhammadiyah Bone', 'C'),
(1498, 'Sekolah Tinggi Keguruan dan Ilmu Pendidikan Muhammadiyah Manokwari', 'C'),
(1499, 'Sekolah Tinggi Keguruan dan Ilmu Pendidikan Muhammadiyah Pagaralam', 'C'),
(1500, 'Sekolah Tinggi Keguruan dan Ilmu Pendidikan Nasional', 'C'),
(1501, 'Sekolah Tinggi Keguruan dan Ilmu Pendidikan Padang Lawas', 'C'),
(1502, 'Sekolah Tinggi Keguruan dan Ilmu Pendidikan Pasundan', 'C'),
(1503, 'Sekolah Tinggi Keguruan dan Ilmu Pendidikan Persada Khatulistiwa Sintang', 'C'),
(1504, 'Sekolah Tinggi Keguruan dan Ilmu Pendidikan PGRI Bandar Lampung', 'C'),
(1505, 'Sekolah Tinggi Keguruan dan Ilmu Pendidikan PGRI Bangkalan', 'C'),
(1506, 'Sekolah Tinggi Keguruan dan Ilmu Pendidikan PGRI Lubuk Linggau', 'C'),
(1507, 'Sekolah Tinggi Keguruan dan Ilmu Pendidikan PGRI Nganjuk', 'C'),
(1508, 'Sekolah Tinggi Keguruan dan Ilmu Pendidikan PGRI Pacitan', 'C'),
(1509, 'Sekolah Tinggi Keguruan dan Ilmu Pendidikan PGRI Sumenep', 'C'),
(1510, 'Sekolah Tinggi Keguruan dan Ilmu Pendidikan Riama', 'C'),
(1511, 'Sekolah Tinggi Keguruan dan Ilmu Pendidikan Setia Budhi Rangkasbitung', 'C'),
(1512, 'Sekolah Tinggi Keguruan dan Ilmu Pendidikan Taman Siswa Bima', 'C'),
(1513, 'Sekolah Tinggi Keguruan dan Ilmu Pendidikan Yayasan Dharma Bakti Lubuk Alung', 'C'),
(1514, 'Sekolah Tinggi Keguruan Ilmu Pendidikan Yayasan Abdi Pendidikan Bukittinggi', 'C'),
(1515, 'Sekolah Tinggi Kesehatan Al-Fatah Bengkulu', 'C'),
(1516, 'Sekolah Tinggi Kesehatan Buana Husada Ponorogo', 'C'),
(1517, 'Sekolah Tinggi Kesehatan Indonesia Wirautama', 'C'),
(1518, 'Sekolah Tinggi Kesehatan Pondok Pesantren Assanadiyah Palembang', 'C'),
(1519, 'Sekolah Tinggi Kesehatan Sapta Bakti Bengkulu', 'C'),
(1520, 'Sekolah Tinggi Kesenian Wilwatikta. Surabaya', 'C'),
(1521, 'Sekolah Tinggi Kulliyatul Qur\'an Al-Hikam Depok', 'C'),
(1522, 'Sekolah Tinggi Manajemen Asuransi Trisakti', 'C'),
(1523, 'Sekolah Tinggi Manajemen dan Ilmu Komputer PPKIA Pradnya Paramita', 'C'),
(1524, 'Sekolah Tinggi Manajemen dan Ilmu Komputer Sepuluh Nopember', 'C'),
(1525, 'Sekolah Tinggi Manajemen dan Ilmu Komputer Umel Mandiri', 'C'),
(1526, 'Sekolah Tinggi Manajemen Informatika dan Komputer Adhi Guna', 'C'),
(1527, 'Sekolah Tinggi Manajemen Informatika dan Komputer Akakom', 'C'),
(1528, 'Sekolah Tinggi Manajemen Informatika dan Komputer AMIKOM Surakarta', 'C'),
(1529, 'Sekolah Tinggi Manajemen Informatika dan Komputer Bani Saleh', 'C'),
(1530, 'Sekolah Tinggi Manajemen Informatika dan Komputer Bina Adinata', 'C'),
(1531, 'Sekolah Tinggi Manajemen Informatika Dan Komputer Bina Bangsa', 'C'),
(1532, 'Sekolah Tinggi Manajemen Informatika Dan Komputer Bina Mulia', 'C'),
(1533, 'Sekolah Tinggi Manajemen Informatika dan Komputer DCI', 'C'),
(1534, 'Sekolah Tinggi Manajemen Informatika dan Komputer Dharma Negara Bandung', 'C'),
(1535, 'Sekolah Tinggi Manajemen Informatika dan Komputer Dipanegara Makassar', 'C'),
(1536, 'Sekolah Tinggi Manajemen Informatika dan Komputer Global Informatika MDP', 'C'),
(1537, 'Sekolah Tinggi Manajemen Informatika dan Komputer Ichsan Gorontalo', 'C'),
(1538, 'Sekolah Tinggi Manajemen Informatika dan Komputer Indo Daya Suvana', 'C'),
(1539, 'Sekolah Tinggi Manajemen Informatika dan Komputer Indonesia Jakarta', 'C'),
(1540, 'Sekolah Tinggi Manajemen Informatika dan Komputer Indonesia Padang', 'C'),
(1541, 'Sekolah Tinggi Manajemen Informatika dan Komputer Jakarta STI&K', 'C'),
(1542, 'Sekolah Tinggi Manajemen Informatika dan Komputer Komputama Majenang', 'C'),
(1543, 'Sekolah Tinggi Manajemen Informatika dan Komputer Nusa Mandiri Jakarta', 'C'),
(1544, 'Sekolah Tinggi Manajemen Informatika dan Komputer Parna Raya', 'C'),
(1545, 'Sekolah Tinggi Manajemen Informatika dan Komputer Pesat Nabire', 'C'),
(1546, 'Sekolah Tinggi Manajemen Informatika dan Komputer Royal', 'C'),
(1547, 'Sekolah Tinggi Manajemen Informatika dan Komputer Tasikmalaya', 'C'),
(1548, 'Sekolah Tinggi Manajemen Informatika dan Komputer Web Informatika Teknologi', 'C'),
(1549, 'Sekolah Tinggi Manajemen Informatika Dan Komputer Widya Cipta Dharma', 'C'),
(1550, 'Sekolah Tinggi Manajemen Informatika Komputer Indonesia Banjarmasin', 'C'),
(1551, 'Sekolah Tinggi Manajemen Informatika Komputer Uyelindo Kupang', 'C'),
(1552, 'Sekolah Tinggi Manajemen IPMI', 'C'),
(1553, 'Sekolah Tinggi Manajemen Labora', 'C'),
(1554, 'Sekolah Tinggi Manajemen Logistik Indonesia', 'C'),
(1555, 'Sekolah Tinggi Manajemen Ppm', 'C'),
(1556, 'Sekolah Tinggi Manajemen Risiko Dan Asuransi', 'C'),
(1557, 'Sekolah Tinggi Manajemen Transportasi Malahayati', 'C'),
(1558, 'Sekolah Tinggi Maritim Yogyakarta', 'C'),
(1559, 'Sekolah Tinggi Media Komunikasi Trisakti', 'C'),
(1560, 'Sekolah Tinggi Multi Media \'MMTC\' Yogyakarta', 'C'),
(1561, 'Sekolah Tinggi Olahraga Dan Kesehatan Bina Guna', 'C'),
(1562, 'Sekolah Tinggi Pariwisata Ambarrukmo', 'C'),
(1563, 'Sekolah Tinggi Pariwisata Ampta Yogyakarta', 'C'),
(1564, 'Sekolah Tinggi Pariwisata Ars Internasional', 'C'),
(1565, 'Sekolah Tinggi Pariwisata Bandung', 'C'),
(1566, 'Sekolah Tinggi Pariwisata Bogor', 'C'),
(1567, 'Sekolah Tinggi Pariwisata Riau', 'C'),
(1568, 'Sekolah Tinggi Pariwisata Sahid Surakarta', 'C'),
(1569, 'Sekolah Tinggi Pariwisata Trisakti', 'C'),
(1570, 'Sekolah Tinggi Pastoral Kateketik (STPKat) Santo Fransiskus Asisi Semarang', 'C'),
(1571, 'Sekolah Tinggi Pastoral St. Petrus  Keuskupan Atambua', 'C'),
(1572, 'Sekolah Tinggi Pembangunan Masyarakat Desa APMD', 'C'),
(1573, 'Sekolah Tinggi Pembangunan Masyarakat Santa Ursula', 'C'),
(1574, 'Sekolah Tinggi Pendidikan Agama Kristen (STIPAK) Malang', 'C'),
(1575, 'Sekolah Tinggi Pendidikan Islam (STPI) Bina Insan Mulia Yogyakarta', 'C'),
(1576, 'Sekolah Tinggi Penerbangan Aviasi', 'C'),
(1577, 'Sekolah Tinggi Perikanan Dan Kelautan Palu', 'C'),
(1578, 'Sekolah Tinggi Perikanan Sibolga', 'C'),
(1579, 'Sekolah Tinggi Perpajakan Indonesia', 'C'),
(1580, 'Sekolah Tinggi Pertanahan Nasional Yogyakarta', 'C'),
(1581, 'Sekolah Tinggi Pertanian Haji Agus Salim', 'C'),
(1582, 'Sekolah Tinggi Pertanian Kutai Timur', 'C'),
(1583, 'Sekolah Tinggi Pertanian Labuha', 'C'),
(1584, 'Sekolah Tinggi Seni Rupa Dan Desain Visi Indonesia', 'C'),
(1585, 'Sekolah Tinggi Teknik Atlas Nusantara', 'C'),
(1586, 'Sekolah Tinggi Teknik Ilmu Komputer Insan Unggul', 'C'),
(1587, 'Sekolah Tinggi Teknik Lingkungan Mataram', 'C'),
(1588, 'Sekolah Tinggi Teknik Malang', 'C'),
(1589, 'Sekolah Tinggi Teknik Multimedia Cendekia Abditama', 'C'),
(1590, 'Sekolah Tinggi Teknik Surabaya', 'C'),
(1591, 'Sekolah Tinggi Teknologi \'Warga\' Surakarta', 'C'),
(1592, 'Sekolah Tinggi Teknologi Adisutjipto', 'C'),
(1593, 'Sekolah Tinggi Teknologi Angkatan Laut', 'C'),
(1594, 'Sekolah Tinggi Teknologi Bandung', 'C'),
(1595, 'Sekolah Tinggi Teknologi Banten', 'C'),
(1596, 'Sekolah Tinggi Teknologi Bontang', 'C'),
(1597, 'Sekolah Tinggi Teknologi Cahaya Surya', 'C'),
(1598, 'Sekolah Tinggi Teknologi Cipasung', 'C'),
(1599, 'Sekolah Tinggi Teknologi Cirebon', 'C'),
(1600, 'Sekolah Tinggi Teknologi Dr. KH. EZ Muttaqien Purwakarta', 'C'),
(1601, 'Sekolah Tinggi Teknologi Dumai', 'C'),
(1602, 'Sekolah Tinggi Teknologi Duta Bangsa', 'C'),
(1603, 'Sekolah Tinggi Teknologi Fatahillah Cilegon', 'C'),
(1604, 'Sekolah Tinggi Teknologi Garut', 'C'),
(1605, 'Sekolah Tinggi Teknologi Gempol', 'C'),
(1606, 'Sekolah Tinggi Teknologi Indonesia Tanjung Pinang', 'C'),
(1607, 'Sekolah Tinggi Teknologi Industri Bontang', 'C'),
(1608, 'Sekolah Tinggi Teknologi Industri Padang', 'C'),
(1609, 'Sekolah Tinggi Teknologi Kedirgantaraan', 'C'),
(1610, 'Sekolah Tinggi Teknologi Kelautan', 'C'),
(1611, 'Sekolah Tinggi Teknologi Mandala', 'C'),
(1612, 'Sekolah Tinggi Teknologi Minyak dan Gas Bumi', 'C'),
(1613, 'Sekolah Tinggi Teknologi Muhammadiyah Cileungsi', 'C'),
(1614, 'Sekolah Tinggi Teknologi Mutu Muhammadiyah', 'C'),
(1615, 'Sekolah Tinggi Teknologi Nasional Jambi', 'C'),
(1616, 'Sekolah Tinggi Teknologi Nuklir Yogyakarta', 'C'),
(1617, 'Sekolah Tinggi Teknologi Nusantara', 'C'),
(1618, 'Sekolah Tinggi Teknologi Pagaralam', 'C'),
(1619, 'Sekolah Tinggi Teknologi Payakumbuh', 'C'),
(1620, 'Sekolah Tinggi Teknologi Pekanbaru', 'C'),
(1621, 'Sekolah Tinggi Teknologi Pomosda', 'C'),
(1622, 'Sekolah Tinggi Teknologi Ronggolawe', 'C'),
(1623, 'Sekolah Tinggi Teknologi Stikma Internasional', 'C'),
(1624, 'Sekolah Tinggi Teknologi Terpadu Nurul Fikri', 'C'),
(1625, 'Sekolah Tinggi Teknologi Texmaco', 'C'),
(1626, 'Sekolah Tinggi Teknologi Wastukancana', 'C'),
(1627, 'Sekolah Tinggi Teknologi YBS Internasional', 'C'),
(1628, 'Sekolah Tinggi Teologi Abdi Sabda Medan', 'C'),
(1629, 'Sekolah Tinggi Teologi Adhi Wacana Surabaya', 'C'),
(1630, 'Sekolah Tinggi Teologi Aletheia', 'C'),
(1631, 'Sekolah Tinggi Teologi Amanat Agung', 'C'),
(1632, 'Sekolah Tinggi Teologi Apollos Jakarta', 'C'),
(1633, 'Sekolah Tinggi Teologi Arastamar Bengkulu', 'C'),
(1634, 'Sekolah Tinggi Teologi Arastamar Mamasa', 'C'),
(1635, 'Sekolah Tinggi Teologi Arastamar Mataram', 'C'),
(1636, 'Sekolah Tinggi Teologi Arastamar Merauke', 'C'),
(1637, 'Sekolah Tinggi Teologi Arastamar Wamena', 'C'),
(1638, 'Sekolah Tinggi Teologi Arrabona Bogor', 'C'),
(1639, 'Sekolah Tinggi Teologi ATI Anjungan Pontianak', 'C'),
(1640, 'Sekolah Tinggi Teologi Bandung', 'C'),
(1641, 'Sekolah Tinggi Teologi Baptis Bandung', 'C'),
(1642, 'Sekolah Tinggi Teologi Baptis Independen Indonesia Purworejo', 'C'),
(1643, 'Sekolah Tinggi Teologi Baptis Indonesia', 'C'),
(1644, 'Sekolah Tinggi Teologi Baptis Jakarta', 'C'),
(1645, 'Sekolah Tinggi Teologi Baptis Kalvari Jakarta', 'C'),
(1646, 'Sekolah Tinggi Teologi Baptis Medan', 'C'),
(1647, 'Sekolah Tinggi Teologi Baptis Papua Abepura', 'C'),
(1648, 'Sekolah Tinggi Teologi Basom', 'C'),
(1649, 'Sekolah Tinggi Teologi Berea Salatiga', 'C'),
(1650, 'Sekolah Tinggi Teologi Berita Hidup Solo', 'C'),
(1651, 'Sekolah Tinggi Teologi Bethany Surabaya', 'C'),
(1652, 'Sekolah Tinggi Teologi Bethel Samarinda', 'C'),
(1653, 'Sekolah Tinggi Teologi Bethesda', 'C'),
(1654, 'Sekolah Tinggi Teologi Blessing Indonesia Makassar', 'C'),
(1655, 'Sekolah Tinggi Teologi Borneo', 'C'),
(1656, 'Sekolah Tinggi Teologi Cianjur', 'C'),
(1657, 'Sekolah Tinggi Teologi Cipanas', 'C'),
(1658, 'Sekolah Tinggi Teologi Diakones HKBP Balige', 'C'),
(1659, 'Sekolah Tinggi Teologi Diakonos', 'C'),
(1660, 'Sekolah Tinggi Teologi Efata Salatiga', 'C'),
(1661, 'Sekolah Tinggi Teologi El-Shadday Surakarta', 'C'),
(1662, 'Sekolah Tinggi Teologi Erikson Tritt', 'C'),
(1663, 'Sekolah Tinggi Teologi Galilea Indonesia', 'C'),
(1664, 'Sekolah Tinggi Teologi Gamaliel', 'C'),
(1665, 'Sekolah Tinggi Teologi Gereja Kalimantan Evangelis', 'C'),
(1666, 'Sekolah Tinggi Teologi Gereja Pentakosta di Indonesia Pematang Siantar', 'C'),
(1667, 'Sekolah Tinggi Teologi Global Glow Indonesia Jakarta', 'C'),
(1668, 'Sekolah Tinggi Teologi Hagiasmos Mission Jakarta', 'C'),
(1669, 'Sekolah Tinggi Teologi IKAT Jakarta', 'C'),
(1670, 'Sekolah Tinggi Teologi IKSM Santosa Asih', 'C'),
(1671, 'Sekolah Tinggi Teologi Iman Jakarta', 'C'),
(1672, 'Sekolah Tinggi Teologi Imanuel Pacet', 'C'),
(1673, 'Sekolah Tinggi Teologi Immanuel Sintang Kal-bar', 'C'),
(1674, 'Sekolah Tinggi Teologi Injil Bhakti Caraka Batam', 'C'),
(1675, 'Sekolah Tinggi Teologi Injili Abdi Allah', 'C'),
(1676, 'Sekolah Tinggi Teologi Injili Arastamar Nias Selatan', 'C'),
(1677, 'Sekolah Tinggi Teologi Injili Bethsaida Medan', 'C'),
(1678, 'Sekolah Tinggi Teologi Injili Indonesia Bali', 'C'),
(1679, 'Sekolah Tinggi Teologi Injili Indonesia Jakarta', 'C'),
(1680, 'Sekolah Tinggi Teologi Injili Indonesia Palu', 'C'),
(1681, 'Sekolah Tinggi Teologi Injili Indonesia Purwokerto', 'C'),
(1682, 'Sekolah Tinggi Teologi Injili Indonesia Surabaya', 'C'),
(1683, 'Sekolah Tinggi Teologi Injili Indonesia Yogyakarta', 'C'),
(1684, 'Sekolah Tinggi Teologi Injili Setia Siau', 'C'),
(1685, 'Sekolah Tinggi Teologi Internasional Harvest Semarang', 'C'),
(1686, 'Sekolah Tinggi Teologi Intheos Surakarta', 'C'),
(1687, 'Sekolah Tinggi Teologi Inti Bandung', 'C'),
(1688, 'Sekolah Tinggi Teologi Jemaat Kristus Indonesia', 'C'),
(1689, 'Sekolah Tinggi Teologi Johanes Calvin Bali', 'C'),
(1690, 'Sekolah Tinggi Teologi Kadesi Bogor', 'C'),
(1691, 'Sekolah Tinggi Teologi Kadesi Yogyakarta', 'C'),
(1692, 'Sekolah Tinggi Teologi Kalvari Maluku Utara', 'C'),
(1693, 'Sekolah Tinggi Teologi Kanaan Nusantara', 'C'),
(1694, 'Sekolah Tinggi Teologi Kasih Mentawai', 'C'),
(1695, 'Sekolah Tinggi Teologi Katharos Indonesia Bekasi', 'C'),
(1696, 'Sekolah Tinggi Teologi Kharisma Bandung', 'C'),
(1697, 'Sekolah Tinggi Teologi Kibaid Makale', 'C'),
(1698, 'Sekolah Tinggi Teologi Kingdom Bali', 'C'),
(1699, 'Sekolah Tinggi Teologi Kristus Alfa Omega', 'C'),
(1700, 'Sekolah Tinggi Teologi Lintas Budaya Jakarta', 'C'),
(1701, 'Sekolah Tinggi Teologi Magelang', 'C'),
(1702, 'Sekolah Tinggi Teologi Mamasa', 'C'),
(1703, 'Sekolah Tinggi Teologi Mitra', 'C'),
(1704, 'Sekolah Tinggi Teologi Moriah Tangerang', 'C'),
(1705, 'Sekolah Tinggi Teologi Nusantara Salatiga', 'C'),
(1706, 'Sekolah Tinggi Teologi Parakletos Tomohon', 'C'),
(1707, 'Sekolah Tinggi Teologi Paulus Jakarta', 'C'),
(1708, 'Sekolah Tinggi Teologi Pelita Bangsa', 'C'),
(1709, 'Sekolah Tinggi Teologi Pentakosta Mooat', 'C'),
(1710, 'Sekolah Tinggi Teologi Rahmat Emmanuel Jakarta', 'C'),
(1711, 'Sekolah Tinggi Teologi Real Batam', 'C'),
(1712, 'Sekolah Tinggi Teologi Reformed Indonesia', 'C'),
(1713, 'Sekolah Tinggi Teologi Reformed Injili Internasional', 'C'),
(1714, 'Sekolah Tinggi Teologi Renatus Pematang Siantar', 'C'),
(1715, 'Sekolah Tinggi Teologi SAAT', 'C'),
(1716, 'Sekolah Tinggi Teologi Saint Paul Bandung', 'C'),
(1717, 'Sekolah Tinggi Teologi Salem', 'C'),
(1718, 'Sekolah Tinggi Teologi Sangkakala', 'C'),
(1719, 'Sekolah Tinggi Teologi SAPPI Ciranjang', 'C'),
(1720, 'Sekolah Tinggi Teologi Simpson Ungaran', 'C'),
(1721, 'Sekolah Tinggi Teologi Stars Lub Luwuk Banggai', 'C'),
(1722, 'Sekolah Tinggi Teologi Sumatera Utara', 'C'),
(1723, 'Sekolah Tinggi Teologi Sunsugos Jakarta', 'C'),
(1724, 'Sekolah Tinggi Teologi Syalom Bandar Lampung', 'C'),
(1725, 'Sekolah Tinggi Teologi Tabernakel Indonesia', 'C'),
(1726, 'Sekolah Tinggi Teologi Tawangmangu', 'C'),
(1727, 'Sekolah Tinggi Teologi Tiberias Jakarta', 'C'),
(1728, 'Sekolah Tinggi Teologi Torsina', 'C'),
(1729, 'Sekolah Tinggi Teologi Wesley Methodist Indonesia', 'C'),
(1730, 'Sekolah Tinggi Teologi William Carey Medan', 'C'),
(1731, 'Sekolah Tinggi Teologi Yesyurun Arastamar Seriti Luwu', 'C'),
(1732, 'Sekolah Tinggi Theologia Abdiel Ungaran', 'C'),
(1733, 'Sekolah Tinggi Theologia Arastamar Riau', 'C'),
(1734, 'Sekolah Tinggi Theologia GPI Papua', 'C'),
(1735, 'Sekolah Tinggi Theologia Injili Arastamar (SETIA) Jakarta', 'C'),
(1736, 'Sekolah Tinggi Theologia Injili Indonesia Lombok', 'C'),
(1737, 'Sekolah Tinggi Theologia Intim Makassar', 'C'),
(1738, 'Sekolah Tinggi Theologia Nazarene Indonesia', 'C'),
(1739, 'Sekolah Tingi Ilmu Administrasi LPPN', 'C'),
(1740, 'STAH Negeri Mpu Kuturan Singaraja Bali', 'C'),
(1741, 'STAI Ahsanta Jambi', 'C'),
(1742, 'STAI Al-Amin Gersik Kediri Lombok Barat', 'C'),
(1743, 'STAI Al-Anwar Sarang Rembang', 'C'),
(1744, 'STAI Al-Aqidah Al-Hasyimiyah Jakarta Jakarta Timur', 'C'),
(1745, 'STAI Al-Aulia Bogor', 'C'),
(1746, 'STAI Al-Azhar Gowa Sulawesi Selatan', 'C'),
(1747, 'STAI Al-Azhary Mamuju Sulawesi Barat', 'C'),
(1748, 'STAI Al-Falah Cicalengka Bandung', 'C'),
(1749, 'STAI Al-Furqan Makassar', 'C'),
(1750, 'STAI Al-Ghazali Soppeng Sulawesi Selatan', 'C'),
(1751, 'STAI Al-Hamidiyah Jakarta', 'C'),
(1752, 'STAI Al-Hidayah Bogor', 'C'),
(1753, 'STAI Al-Hikmah 2', 'C'),
(1754, 'STAI Al-Hikmah Pariangan Batusangkar Tanah Datar', 'C'),
(1755, 'STAI Al-Husain Magelang (STI AIH) Jawa Tengah', 'C'),
(1756, 'STAI Al-Kamal Sarang Rembang Jawa Tengah', 'C'),
(1757, 'STAI Al-Khairaat Halmahera Selatan', 'C'),
(1758, 'STAI Al-Ma`arif Buntok', 'C'),
(1759, 'STAI Al-Ma`arif Ciamis', 'C'),
(1760, 'STAI Al-Masthuriyah Sukabumi', 'C'),
(1761, 'STAI Al-Muhajirin Purwakarta', 'C'),
(1762, 'STAI Al-Muhammad Cepu', 'C'),
(1763, 'STAI Al-Munawwaroh Tolitoli', 'C'),
(1764, 'STAI Al-Musdariyah Cimahi', 'C'),
(1765, 'STAI Al-Qudwah Depok', 'C'),
(1766, 'STAI Al-Washliyah Banda Aceh', 'C'),
(1767, 'STAI Ali bin Abi Thalib Surabaya', 'C'),
(1768, 'STAI An Najah Indonesia Mandiri Sidoarjo', 'C'),
(1769, 'STAI Ar-Ridho Bagansiapiapi', 'C'),
(1770, 'STAI Ar-Rosyid Surabaya', 'C'),
(1771, 'STAI As-Sunnah Deli Serdang Sumatera Utara', 'C'),
(1772, 'STAI Assalamiyah Curugsari Jawilan Serang', 'C'),
(1773, 'STAI Asshiddiqiyah Karawang', 'C'),
(1774, 'STAI Asy-Syafi`iyah Nabire', 'C'),
(1775, 'STAI Asy-Syukriyyah Tangerang', 'C'),
(1776, 'STAI At-Tahdzib Rejoagung Ngoro Jombang', 'C'),
(1777, 'STAI At-Tanwir Bojonegoro', 'C'),
(1778, 'STAI At-Taqwa Bekasi', 'C'),
(1779, 'STAI At-Taqwa Bondowoso Jawa Timur', 'C'),
(1780, 'STAI Auliaurrasyidin', 'C'),
(1781, 'STAI Azziyadah Klender Jakarta Timur', 'C'),
(1782, 'STAI Babussalam Sula Maluku Utara', 'C'),
(1783, 'STAI Bahriyatul Ulum KH. Zainul Arifin Pandan', 'C'),
(1784, 'STAI Baitul Arqom Al-Islami Ciparay Bandung', 'C'),
(1785, 'STAI Balaiselasa YPPTI Pesisir Selatan Sumatera Barat', 'C'),
(1786, 'STAI Barumun Raya Sibuhan', 'C'),
(1787, 'STAI Bhakti Persada Majalaya Bandung', 'C'),
(1788, 'STAI Brebes Jawa Tengah', 'C'),
(1789, 'STAI Bumi Silampari Lubuk Linggau Sumatera Selatan', 'C'),
(1790, 'STAI Bustanul Ulum Krai Lumajang', 'C'),
(1791, 'STAI Cendekia Insani Situbondo', 'C'),
(1792, 'STAI Daarussalam Sukabumi', 'C'),
(1793, 'STAI Darul Arafah (STAIDA) Lau Bakeri Deli Serdang Sumatera Utara', 'C'),
(1794, 'STAI Darul Arqam Muhammadiyah Garut', 'C'),
(1795, 'STAI Darul Falah Cililin Cihampelas Bandung Barat', 'C'),
(1796, 'STAI Darul Hikmah Bangkalan', 'C'),
(1797, 'STAI Darul Kamal NW Kembang Kerang NTB', 'C'),
(1798, 'STAI Darul Ulum Banyuwangi', 'C'),
(1799, 'STAI Darussalam Nganjuk', 'C'),
(1800, 'STAI DDI Jeneponto Sulawesi Selatan', 'C'),
(1801, 'STAI DDI Kota Makassar Sulawesi Selatan', 'C'),
(1802, 'STAI DDI Majene', 'C'),
(1803, 'STAI DDI Mangkoso Barru Sulawesi Selatan', 'C'),
(1804, 'STAI DDI Maros Sulawesi Selatan', 'C'),
(1805, 'STAI DDI Pangkep Sulawesi Selatan', 'C'),
(1806, 'STAI DDI Parepare Sulawesi Selatan', 'C'),
(1807, 'STAI DDI Pinrang Sulawesi Selatan', 'C'),
(1808, 'STAI DDI Sidrap Sulawesi Selatan', 'C'),
(1809, 'STAI Denpasar Bali', 'C'),
(1810, 'STAI Diniyah Pekanbaru', 'C'),
(1811, 'STAI Dr. KH. EZ. Muttaqien Purwakarta', 'C'),
(1812, 'STAI Duta Bangsa Bekasi', 'C'),
(1813, 'STAI Grobogan Jawa Tengah', 'C'),
(1814, 'STAI Hikmatul Fadhilah Medan Sumatera Utara', 'C'),
(1815, 'STAI Hubbulwathan Duri', 'C'),
(1816, 'STAI Ihyaul Ulum Gresik', 'C'),
(1817, 'STAI Imam Syafi`i Cianjur', 'C'),
(1818, 'STAI Imam Syafi`i Tomang Jakbar', 'C'),
(1819, 'STAI KH Abdul Kabier', 'C'),
(1820, 'STAI Ki Ageng Pekalongan', 'C'),
(1821, 'STAI Kuala Kapuas Kalimantan Tengah', 'C'),
(1822, 'STAI Ma`arif Jambi', 'C'),
(1823, 'STAI Ma`arif Kendal Ngawi', 'C'),
(1824, 'STAI Ma`arif Sarolangun', 'C'),
(1825, 'STAI Ma`had `Ali Cirebon', 'C'),
(1826, 'STAI Ma`had Aly Al-Hikam Malang', 'C'),
(1827, 'STAI Madinatun Najah', 'C'),
(1828, 'STAI Masjid Syuhada Yogyakarta', 'C'),
(1829, 'STAI Mau`izhah Tanjung Jabung Barat', 'C'),
(1830, 'STAI Miftahul Huda Al-Azhar Banjar', 'C'),
(1831, 'STAI Miftahul Huda Pamanukan Subang', 'C'),
(1832, 'STAI Miftahul Ula Nglawak Kertosono Nganjuk', 'C'),
(1833, 'STAI Miftahul Ulum Pamekasan', 'C');
INSERT INTO `universitas` (`id`, `nama`, `peringkat`) VALUES
(1834, 'STAI Muhammadiyah (STAIM) Blora Jawa Tengah', 'C'),
(1835, 'STAI Muhammadiyah Garut', 'C'),
(1836, 'STAI Muhammadiyah Tulungagung', 'C'),
(1837, 'STAI Nahdlatul Ulama (STAINU) Madiun', 'C'),
(1838, 'STAI Nahdlatul Ulama (STAINU) Malang', 'C'),
(1839, 'STAI Nahdlatul Ulama (STAINU) Pacitan', 'C'),
(1840, 'STAI Nahdlatul Ulama (STAINU) Tasikmalaya', 'C'),
(1841, 'STAI Nahdlatul Ulama (STAINU) Temanggung Jawa Tengah', 'C'),
(1842, 'STAI Nahdlatul Ulama Purworejo', 'C'),
(1843, 'STAI Nahdlatul Wathan Samawa Sumbawa Besar NTB', 'C'),
(1844, 'STAI Nur El Ghazy Bekasi', 'C'),
(1845, 'STAI Nurul Iman Parung Bogor', 'C'),
(1846, 'STAI Nusantara Kota Banda Aceh', 'C'),
(1847, 'STAI Pancawahana (STAIPANA) Bangil Pasuruan', 'C'),
(1848, 'STAI Pelabuhan Ratu Sukabumi', 'C'),
(1849, 'STAI Pelita Bangsa', 'C'),
(1850, 'STAI PERSIS Bandung', 'C'),
(1851, 'STAI Persis Garut', 'C'),
(1852, 'STAI PERTINU Padangsidimpuan Sumatera Utara', 'C'),
(1853, 'STAI PTIQ Kota Banda Aceh', 'C'),
(1854, 'STAI Publisistik Thawalib Jakarta', 'C'),
(1855, 'STAI Putra Galuh Ciamis', 'C'),
(1856, 'STAI Rawa Aopa Konawe Selatan', 'C'),
(1857, 'STAI Sabili Bandung', 'C'),
(1858, 'STAI Said Perintah Masohi Maluku Tengah Maluku', 'C'),
(1859, 'STAI Samora Pematang Siantar Sumatera Utara', 'C'),
(1860, 'STAI Sayid Sabiq Indramayu', 'C'),
(1861, 'STAI Sebelas April Sumedang', 'C'),
(1862, 'STAI Serdang Lubuk Pakam Sumatera Utara', 'C'),
(1863, 'STAI Shalahuddin Al-Ayyubi Jakarta Utara', 'C'),
(1864, 'STAI Siliwangi Bandung', 'C'),
(1865, 'STAI Siliwangi Garut', 'C'),
(1866, 'STAI Siti Khadijah Muara Teweh Barito Utara', 'C'),
(1867, 'STAI Sufyan Tsauri Majenang', 'C'),
(1868, 'STAI Sunan Pandanaran Yogyakarta', 'C'),
(1869, 'STAI Syaichona Moh. Cholil Bangkalan', 'C'),
(1870, 'STAI Syamsul Ulum Gunung Puyuh', 'C'),
(1871, 'STAI Syarif Muhammad Raha Muna Sulawesi Tenggara', 'C'),
(1872, 'STAI Syekh Abdur Rauf Singkil', 'C'),
(1873, 'STAI Syekh H. Abdul Halim Hasan Al-Islahiyah Binjai Sumatera Utara', 'C'),
(1874, 'STAI Syekh Manshur Pandeglang', 'C'),
(1875, 'STAI Syekh Maulana Qori (SMQ) Bangko Jambi', 'C'),
(1876, 'STAI Taruna Surabaya', 'C'),
(1877, 'STAI Tasikmalaya', 'C'),
(1878, 'STAI Taswirul Afkar Surabaya', 'C'),
(1879, 'STAI Terpadu Yogyakarta', 'C'),
(1880, 'STAI Tgk. Chik Pante Kulu Kota Banda Aceh', 'C'),
(1881, 'STAI Tuanku Tambusai', 'C'),
(1882, 'STAI Umar Bin Khattab di Ujunggading Pasaman Barat Sumatera Barat', 'C'),
(1883, 'STAI YAMRA Merauke Papua', 'C'),
(1884, 'STAI YAPATA Al-Jawami Bandung', 'C'),
(1885, 'STAI YAPIS Takalar Sulawesi Selatan', 'C'),
(1886, 'STAI YAPNAS Jeneponto Sulawesi Selatan', 'C'),
(1887, 'STAI YASBA Kalianda Lampung Selatan', 'C'),
(1888, 'STAI Yogyakarta Wonosari Gunung Kidul', 'C'),
(1889, 'STAI YPIQ Baubau Sulawesi Tenggara', 'C'),
(1890, 'STAIN Bengkalis', 'C'),
(1891, 'STAIN Curup', 'C'),
(1892, 'STAIN Gajah Putih Takengon Aceh Tengah', 'C'),
(1893, 'STAIN Sorong', 'C'),
(1894, 'STAIN Tengku Dirundeng Meulaboh', 'C'),
(1895, 'STAK Anak Bangsa', 'C'),
(1896, 'STAK Negeri Palangka Raya', 'C'),
(1897, 'STAK Wiyata Wacana Pati', 'C'),
(1898, 'Stba Persahabatan Internasional Asia', 'C'),
(1899, 'STEBI Global Mulia Cikarang', 'C'),
(1900, 'STEI Al Amar Subang Jawa Barat', 'C'),
(1901, 'STEI Ar Risalah Ciamis Jawa Barat', 'C'),
(1902, 'STEI Iqra Annisa Pekanbaru', 'C'),
(1903, 'STEI Walisongo Sampang', 'C'),
(1904, 'STES Islamic Village Tangerang', 'C'),
(1905, 'STIA & Pemerintahan Annisa Dwi Salfarizi', 'C'),
(1906, 'STIA Bala Putra Dewa', 'C'),
(1907, 'STIA Bina Nusantara Mandiri Pariaman', 'C'),
(1908, 'STIA Nusantara Sakti Sungai Penuh', 'C'),
(1909, 'STID Al-Hadid Surabaya', 'C'),
(1910, 'STID Dirosat Islamiyah Al-Hikmah Mampang Jakarta Selatan', 'C'),
(1911, 'STID Mohammad Natsir Bekasi', 'C'),
(1912, 'STID Mustafa Ibrahim Al-Ishlahuddiny Kediri Lombok Barat NTB', 'C'),
(1913, 'STIE Akuntansi Dan Bisnis Internasional', 'C'),
(1914, 'STIE Bakti Bangsa', 'C'),
(1915, 'STIE Bumi Persada Lhokseumawe', 'C'),
(1916, 'STIE IBEK Pangkalpinang Bangka', 'C'),
(1917, 'STIE IBMI Medan', 'C'),
(1918, 'STIE Jakarta International College', 'C'),
(1919, 'STIE Mahaputra Riau', 'C'),
(1920, 'STIE Multi Data Palembang', 'C'),
(1921, 'STIE Nagoya Indonesia', 'C'),
(1922, 'STIE Pasim Sukabumi', 'C'),
(1923, 'STIE Syari`ah Al-Mujaddid', 'C'),
(1924, 'STIE Unisadhuguna', 'C'),
(1925, 'STIEB Perdana Mandiri', 'C'),
(1926, 'STIES Indonesia Purwakarta', 'C'),
(1927, 'STIH Litigasi', 'C'),
(1928, 'STIK Muhammadiyah Pontianak', 'C'),
(1929, 'STIKAS Santo Yohanes Salib', 'C'),
(1930, 'STIKES  Al Irsyad Al Islamiyyah Cilacap', 'C'),
(1931, 'STIKES Adi Husada', 'C'),
(1932, 'STIKES Adila', 'C'),
(1933, 'STIKES Advaita Medika Tabanan', 'C'),
(1934, 'STIKES Aisyiyah Palembang', 'C'),
(1935, 'STIKES Al-Insyirah Pekanbaru', 'C'),
(1936, 'STIKES Amanah Makassar', 'C'),
(1937, 'STIKES An Nasher Cirebon', 'C'),
(1938, 'Stikes As Syifa', 'C'),
(1939, 'STIKES Awal Bros Batam', 'C'),
(1940, 'STIKES Bahrul Ulum Jombang', 'C'),
(1941, 'STIKES Bakti Nusantara Gorontalo', 'C'),
(1942, 'STIKES Bhakti Al-Qodiri', 'C'),
(1943, 'STIKES Bhakti Husada Bengkulu', 'C'),
(1944, 'STIKES Bhakti Husada Mulia', 'C'),
(1945, 'STIKES Bhakti Mandala Husada Slawi', 'C'),
(1946, 'STIKES Bhakti Mulia', 'C'),
(1947, 'STIKES Bhakti Pertiwi Indonesia', 'C'),
(1948, 'STIKES Bhakti Pertiwi Luwu Raya', 'C'),
(1949, 'STIKES Bina Usada Bali', 'C'),
(1950, 'STIKES Bumi Persada Lhokseumawe', 'C'),
(1951, 'STIKES Bustanul Ulum Langsa', 'C'),
(1952, 'STIKES Darul Azhar Batulicin', 'C'),
(1953, 'STIKES Dharma Landbouw Padang', 'C'),
(1954, 'STIKES Dirgahayu Samarinda', 'C'),
(1955, 'STIKES Dr. Soebandi Jember', 'C'),
(1956, 'STIKES Estu Utomo', 'C'),
(1957, 'STIKES Ganesha Husada Kediri', 'C'),
(1958, 'STIKES Getsempena Lhoksukon', 'C'),
(1959, 'STIKES Graha Edukasi', 'C'),
(1960, 'STIKES Griya Husada Sumbawa', 'C'),
(1961, 'STIKES Guna Bangsa Yogyakarta', 'C'),
(1962, 'STIKES Hafshawaty Pesantren Zainul Hasan', 'C'),
(1963, 'STIKES Hang Tuah Tanjung Pinang', 'C'),
(1964, 'STIKES Husada Borneo', 'C'),
(1965, 'STIKES Hutama Abdi Husada Tulungagung', 'C'),
(1966, 'STIKES Ichsan Medical Centre Bintaro', 'C'),
(1967, 'STIKES Insan Cendekia Medika Jombang', 'C'),
(1968, 'STIKES Kapuas Raya', 'C'),
(1969, 'STIKES Karsa Husada Garut', 'C'),
(1970, 'STIKES Karya Husada Kediri', 'C'),
(1971, 'STIKES Karya Husada Semarang', 'C'),
(1972, 'STIKES Karya Putra Bangsa Tulungagung', 'C'),
(1973, 'STIKES Katolik St Vincentius A Paulo Surabaya', 'C'),
(1974, 'STIKES Kharisma Karawang', 'C'),
(1975, 'STIKES Maluku Husada', 'C'),
(1976, 'STIKES Mamba ul Ulum Surakarta', 'C'),
(1977, 'STIKES Mandala Waluya Kendari', 'C'),
(1978, 'STIKES Medika Nurul Islam', 'C'),
(1979, 'STIKES Muhammadiyah Bojonegoro', 'C'),
(1980, 'STIKES Muhammadiyah Ciamis', 'C'),
(1981, 'STIKES Muhammadiyah Cirebon', 'C'),
(1982, 'STIKES Muhammadiyah Lhokseumawe', 'C'),
(1983, 'STIKES Nahdlatul Ulama Tuban', 'C'),
(1984, 'STIKES Nan Tongga', 'C'),
(1985, 'STIKES Panakkukang', 'C'),
(1986, 'STIKes Panti Waluya Malang', 'C'),
(1987, 'STIKES Pekanbaru Medical Center', 'C'),
(1988, 'STIKES Pelita Ibu', 'C'),
(1989, 'STIKES Perintis Padang', 'C'),
(1990, 'STIKES Persada Husada Indonesia', 'C'),
(1991, 'STIKES Piala Sakti Pariaman', 'C'),
(1992, 'STIKES Putra Abadi Langkat', 'C'),
(1993, 'STIKES Rana Wijaya', 'C'),
(1994, 'STIKES Ranah Minang', 'C'),
(1995, 'STIKES Rumah Sakit Anwar Medika', 'C'),
(1996, 'STIKES Santu Paulus Ruteng', 'C'),
(1997, 'STIKES Senior Medan', 'C'),
(1998, 'STIKES Siti Hajar', 'C'),
(1999, 'STIKES Telogorejo Semarang', 'C'),
(2000, 'STIKES Tengku Maharatu', 'C'),
(2001, 'STIKES Tri Mandiri Sakti Bengkulu', 'C'),
(2002, 'STIKES Widya Dharma Husada Tangerang', 'C'),
(2003, 'STIKES Widya Husada Medan', 'C'),
(2004, 'STIKES Wijaya Husada Bogor', 'C'),
(2005, 'STIKES Yahya Bima', 'C'),
(2006, 'STIKES Yarsi Mataram', 'C'),
(2007, 'STIKES Yarsi Pontianak', 'C'),
(2008, 'STIKES Yarsi Sumatera Barat', 'C'),
(2009, 'STIKES Yayasan RS. Dr. Soetomo', 'C'),
(2010, 'STIKI Malang', 'C'),
(2011, 'STIKOM Tunas Bangsa', 'C'),
(2012, 'STIMI Banjarmasin', 'C'),
(2013, 'STIMI Samarinda', 'C'),
(2014, 'STIMIK Lamappapoleonro Soppeng', 'C'),
(2015, 'STIPAS Keuskupan Agung Kupang', 'C'),
(2016, 'STIPAS St.Sirilus Ruteng', 'C'),
(2017, 'STIPER Agrobisnis Perkebunan', 'C'),
(2018, 'STIPER Sawahlunto Sijunjung', 'C'),
(2019, 'STIQ Miftahul Huda Rawalo Banyumas Jawa Tengah', 'C'),
(2020, 'STIS Al-Hilal Sigli Kab. Pidie', 'C'),
(2021, 'STIS Al-Ittihad Bima Yayasan Pendidikan Al-Itihad Bima NTB', 'C'),
(2022, 'STIS Darul Falah Pagutan Mataram NTB', 'C'),
(2023, 'STIS Samarinda Kalimantan Timur', 'C'),
(2024, 'STIS Syarif Abdurrahman Pontianak Kalimantan Barat', 'C'),
(2025, 'STISIP Banten Raya', 'C'),
(2026, 'STISIP Bina Putera Banjar', 'C'),
(2027, 'STISIP Imam Bonjol', 'C'),
(2028, 'STISIP Persada Bunda', 'C'),
(2029, 'STISIP Silas Papare Jayapura', 'C'),
(2030, 'STISIP Veteran Palopo', 'C'),
(2031, 'STISIP Widyapuri Mandiri Sukabumi', 'C'),
(2032, 'STISIP Yupentek Tangerang', 'C'),
(2033, 'STISIPOL Mujahidin', 'C'),
(2034, 'STISIPOL Raja Haji', 'C'),
(2035, 'STIT Ad-Da`wah Rangkasbitung', 'C'),
(2036, 'STIT Ahlussunnah Bukittinggi', 'C'),
(2037, 'STIT Al-Amin Indramayu', 'C'),
(2038, 'STIT Al-Amin Kreo Tangerang', 'C'),
(2039, 'STIT Al-Aziziyah Kapek Gunungsari Lombok Barat Nusa Tenggara', 'C'),
(2040, 'STIT Al-Falah Rimbo Bujang Tebo Jambi', 'C'),
(2041, 'STIT Al-Fatah Siman Lamongan', 'C'),
(2042, 'STIT Al-Hidayah Tasikmalaya', 'C'),
(2043, 'STIT Al-Ibrohimy Bangkalan', 'C'),
(2044, 'STIT Al-Ishlah Bondowoso', 'C'),
(2045, 'STIT Al-Khairiyah Citangkil Cilegon', 'C'),
(2046, 'STIT Al-Marhalah Al-`Ulya Bekasi', 'C'),
(2047, 'STIT Al-Muslihun Tlogo Kanaigoro Blitar', 'C'),
(2048, 'STIT Al-Qur`an Al-Ittifaqiah (STITQI) Ogan Ilir Sumatera Selatan', 'C'),
(2049, 'STIT Al-Urwatul Wutsqo Jombang', 'C'),
(2050, 'STIT Aqidah Usymuni Sumenep', 'C'),
(2051, 'STIT As-Salama Tual Maluku Tenggara Maluku', 'C'),
(2052, 'STIT At-Taqwa Ciparay Bandung', 'C'),
(2053, 'STIT At-Taqwa Gegerkalong Bandung', 'C'),
(2054, 'STIT Balikpapan (STITBA)', 'C'),
(2055, 'STIT Bustanul `Ulum Lampung Tengah', 'C'),
(2056, 'STIT Bustanul Arifin', 'C'),
(2057, 'STIT Darul Fattah Bandar Lampung', 'C'),
(2058, 'STIT Darul Hijrah Martapura', 'C'),
(2059, 'STIT Darul Ulum Kotabaru', 'C'),
(2060, 'STIT Darussalimin NW Praya Lombok Tengah Nusa Tenggara Barat', 'C'),
(2061, 'STIT DDI Pasangkayu Mamuju Sulawesi Barat', 'C'),
(2062, 'STIT Diniyyah Puteri Rahmah El-Yunusiyyah Kota Padang Panjang', 'C'),
(2063, 'STIT Hamzah Al-Fansuri Sibolga Barus (STIT HASIBA) Tapanuli Tengah Sumatera Uta', 'C'),
(2064, 'STIT Hamzah Fansuri Subulussalam Aceh', 'C'),
(2065, 'STIT Ibnu Rusyd Grogot Paser Kalimantan Timur', 'C'),
(2066, 'STIT Ibnu Sina Malang', 'C'),
(2067, 'STIT Insan Kamil Bogor Jawa Barat', 'C'),
(2068, 'STIT Iqra` Kapuas Hulu Kalimantan Barat', 'C'),
(2069, 'STIT Islamiyah Karya Pembangunan Paron Ngawi', 'C'),
(2070, 'STIT Madina Sragen', 'C'),
(2071, 'STIT Miftahul Ulum Bangkalan', 'C'),
(2072, 'STIT Muhammadiyah Lumajang', 'C'),
(2073, 'STIT Muhammadiyah Paciran', 'C'),
(2074, 'STIT Muhammadiyah Pacitan', 'C'),
(2075, 'STIT Muhammadiyah Sibolga Tapanuli Tengah Sumatera Utara', 'C'),
(2076, 'STIT Muhammadiyah Tanjung Redep Berau Kalimantan Timur', 'C'),
(2077, 'STIT Muhammadiyah Tempurejo Ngawi', 'C'),
(2078, 'STIT Muslim Asia Afrika Tangerang', 'C'),
(2079, 'STIT Pemalang', 'C'),
(2080, 'STIT PGRI Pasuruan', 'C'),
(2081, 'STIT PTI Al-Hilal Sigli Kab. Pidie', 'C'),
(2082, 'STIT Raden Santri Gresik', 'C'),
(2083, 'STIT Serang', 'C'),
(2084, 'STIT Sirojul Falah Bogor', 'C'),
(2085, 'STIT Sunan Giri Trenggalek', 'C'),
(2086, 'STIT Syamsul Ma`arif Bontang', 'C'),
(2087, 'STIT YAPIS Manokwari', 'C'),
(2088, 'STIT YPI Al-Yaqin Muaro Sijunjung Sawahlunto', 'C'),
(2089, 'STIT YPI Lahat', 'C'),
(2090, 'STIT YPI Payakumbuh', 'C'),
(2091, 'STITEK Bina Taruna', 'C'),
(2092, 'STITNU Al Hikmah Mojokerto', 'C'),
(2093, 'STITNU Al-Mahsuni', 'C'),
(2094, 'STITNU Sakinah Dharmasraya', 'C'),
(2095, 'STIU Al-Mujtama Pamekasan', 'C'),
(2096, 'STIU Darul Hikmah Bekasi', 'C'),
(2097, 'STIU Dirosat Islamiyah Al-Hikmah Jakarta Selatan', 'C'),
(2098, 'STK St. Yakobus Merauke', 'C'),
(2099, 'STKIP  Asy-Syafi iyah Internasional Medan', 'C'),
(2100, 'STKIP Abdi Wacana Wamena', 'C'),
(2101, 'STKIP Adzkia', 'C'),
(2102, 'STKIP Agama Hindu Amlapura', 'C'),
(2103, 'STKIP Ahlussunnah', 'C'),
(2104, 'STKIP Aisyiyah Riau', 'C'),
(2105, 'STKIP Al Amin Dompu', 'C'),
(2106, 'STKIP Al Hikmah Surabaya', 'C'),
(2107, 'STKIP Al-Washliyah', 'C'),
(2108, 'STKIP Babunnajah Pandeglang', 'C'),
(2109, 'STKIP Banten', 'C'),
(2110, 'STKIP Bima', 'C'),
(2111, 'STKIP Bina Bangsa Meulaboh', 'C'),
(2112, 'STKIP Bina Insan Mandiri', 'C'),
(2113, 'STKIP Budidaya', 'C'),
(2114, 'STKIP Darussalam Cilacap', 'C'),
(2115, 'STKIP Gotong Royong Masohi', 'C'),
(2116, 'STKIP Hamzar', 'C'),
(2117, 'STKIP Hermon Timika', 'C'),
(2118, 'STKIP Islam Sabilal Muhtadin Banjarmasin', 'C'),
(2119, 'STKIP Kie Raha', 'C'),
(2120, 'STKIP Kusumanegara', 'C'),
(2121, 'STKIP Majenang', 'C'),
(2122, 'STKIP Mega Rezky Makassar', 'C'),
(2123, 'STKIP Modern Ngawi', 'C'),
(2124, 'STKIP Muhammadiyah Aceh Barat Daya', 'C'),
(2125, 'STKIP Muhammadiyah Barru', 'C'),
(2126, 'STKIP Muhammadiyah Blora', 'C'),
(2127, 'STKIP Muhammadiyah Kalabahi', 'C'),
(2128, 'STKIP Muhammadiyah Kuningan', 'C'),
(2129, 'STKIP Muhammadiyah Muara Bungo', 'C'),
(2130, 'STKIP Mutiara Banten', 'C'),
(2131, 'STKIP Nahdlatul Ulama Indramayu', 'C'),
(2132, 'STKIP Nahdlatul Ulama Kabupaten Tegal', 'C'),
(2133, 'STKIP Nurul Huda di Sukaraja', 'C'),
(2134, 'STKIP Pamane Talino', 'C'),
(2135, 'STKIP Pangeran Dharma Kusuma Segeran Juntinyuat Indramayu', 'C'),
(2136, 'STKIP Paris Barantai', 'C'),
(2137, 'STKIP Pembangunan Indonesia', 'C'),
(2138, 'STKIP PGRI Banjarmasin', 'C'),
(2139, 'STKIP PGRI Jombang', 'C'),
(2140, 'STKIP PGRI Lumajang', 'C'),
(2141, 'STKIP PGRI Metro', 'C'),
(2142, 'STKIP PGRI Ponorogo', 'C'),
(2143, 'STKIP PGRI Sampang', 'C'),
(2144, 'STKIP PGRI Sidoarjo', 'C'),
(2145, 'STKIP PGRI Situbondo', 'C'),
(2146, 'STKIP PGRI Sukabumi', 'C'),
(2147, 'STKIP PGRI Sumatera Barat', 'C'),
(2148, 'STKIP PGRI Trenggalek', 'C'),
(2149, 'STKIP Rokania', 'C'),
(2150, 'STKIP Santu Paulus', 'C'),
(2151, 'STKIP Sebelas April', 'C'),
(2152, 'STKIP Singkawang', 'C'),
(2153, 'STKIP Suar Bangli', 'C'),
(2154, 'STKIP Surya', 'C'),
(2155, 'STKIP Syekh Manshur', 'C'),
(2156, 'STKIP Weetebula', 'C'),
(2157, 'STKIP Widya Yuwana', 'C'),
(2158, 'STKIP Yapis Dompu', 'C'),
(2159, 'STKIP YPM Bangko', 'C'),
(2160, 'STKIP YPUP Makassar', 'C'),
(2161, 'STMIK AKBA', 'C'),
(2162, 'STMIK AKI Pati', 'C'),
(2163, 'STMIK Amik Bandung', 'C'),
(2164, 'STMIK Amik Riau', 'C'),
(2165, 'STMIK Antar Bangsa', 'C'),
(2166, 'STMIK AUB Surakarta', 'C'),
(2167, 'STMIK Bandung', 'C'),
(2168, 'STMIK Banjarbaru', 'C'),
(2169, 'STMIK Bina Nusantara Jaya Lubuk Linggau', 'C'),
(2170, 'STMIK Bina Patria', 'C'),
(2171, 'STMIK Bina Sarana Global', 'C'),
(2172, 'STMIK Borneo Internasional', 'C'),
(2173, 'STMIK Budi Darma', 'C'),
(2174, 'STMIK Catur Sakti Kendari', 'C'),
(2175, 'STMIK Dharmapala Riau', 'C'),
(2176, 'STMIK Dumai', 'C'),
(2177, 'STMIK Handayani Makassar', 'C'),
(2178, 'STMIK Hang Tuah Pekanbaru', 'C'),
(2179, 'STMIK IKMI Cirebon', 'C'),
(2180, 'STMIK IM', 'C'),
(2181, 'STMIK Indonesia Banda Aceh', 'C'),
(2182, 'STMIK Insan Pembangunan', 'C'),
(2183, 'STMIK Jabar', 'C'),
(2184, 'STMIK Jaya Nusa', 'C'),
(2185, 'STMIK Jayakarta', 'C'),
(2186, 'STMIK Kadiri', 'C'),
(2187, 'STMIK Kaputama', 'C'),
(2188, 'STMIK Kharisma Karawang', 'C'),
(2189, 'STMIK Kreatindo Manokwari', 'C'),
(2190, 'STMIK Likmi', 'C'),
(2191, 'STMIK Logika', 'C'),
(2192, 'STMIK Mardira Indonesia', 'C'),
(2193, 'STMIK Masa Depan', 'C'),
(2194, 'STMIK Mikroskil', 'C'),
(2195, 'STMIK Muhammadiyah Paguyangan Brebes', 'C'),
(2196, 'STMIK Nurdin Hamzah Jambi', 'C'),
(2197, 'STMIK Palangka Raya', 'C'),
(2198, 'STMIK Palcomtech', 'C'),
(2199, 'STMIK Pamitran', 'C'),
(2200, 'STMIK PGRI Tangerang', 'C'),
(2201, 'STMIK Pontianak', 'C'),
(2202, 'STMIK Prabumulih', 'C'),
(2203, 'STMIK Pranata Indonesia', 'C'),
(2204, 'STMIK Primakara', 'C'),
(2205, 'STMIK Pringsewu', 'C'),
(2206, 'STMIK Profesional Makassar', 'C'),
(2207, 'STMIK Rosma', 'C'),
(2208, 'STMIK Sinar Nusantara', 'C'),
(2209, 'STMIK STIKOM Indonesia', 'C'),
(2210, 'STMIK Sumedang', 'C'),
(2211, 'STMIK Syaikh Zainuddin Nahdlatul Wathan', 'C'),
(2212, 'STMIK Time', 'C'),
(2213, 'STMIK Triguna Dharma', 'C'),
(2214, 'STMIK Widya Pratama', 'C'),
(2215, 'STMIK Yadika Bangil', 'C'),
(2216, 'STMIK YMI Tegal', 'C'),
(2217, 'STP St. Bonaventura Delitua Medan', 'C'),
(2218, 'STT Agape Indonesia Misi Internasional (AIMI)', 'C'),
(2219, 'STT Anugerah Sinagoge Medan', 'C'),
(2220, 'STT Anugrah Indonesia', 'C'),
(2221, 'STT Banua Niha Keriso Protestan Sundermann Nias', 'C'),
(2222, 'STT Bethel Indonesia Jakarta', 'C'),
(2223, 'STT BISANRY MAKASSAR', 'C'),
(2224, 'STT Ebenhaezer Tanjung Enim', 'C'),
(2225, 'STT EKUMENE JAKARTA', 'C'),
(2226, 'STT IKAT di Batam', 'C'),
(2227, 'STT Indonesia Manado (STTI Manado)', 'C'),
(2228, 'STT Injili di Palembang', 'C'),
(2229, 'STT Internasional Harvest Tangerang', 'C'),
(2230, 'STT Kerusso Indonesia Bekasi', 'C'),
(2231, 'STT Lighthouse Equipping Theological School (Lets)', 'C'),
(2232, 'STT Minyak dan Gas Cilacap', 'C'),
(2233, 'STT Pelita Dunia Banten', 'C'),
(2234, 'STT Periago', 'C'),
(2235, 'STT Pokok Anggur Jakarta', 'C'),
(2236, 'STT SKRIPTURA INDONESIA', 'C'),
(2237, 'STT SOE Prov. Nusa Tenggara Timur', 'C'),
(2238, 'STT Sriwijaya Palembang', 'C'),
(2239, 'Universitas \'Aisyiyah Bandung', 'C'),
(2240, 'Universitas \'Aisyiyah Surakarta', 'C'),
(2241, 'Universitas 17 Agustus 1945 Banyuwangi', 'C'),
(2242, 'Universitas 17 Agustus 1945 Cirebon', 'C'),
(2243, 'Universitas 17 Agustus 1945 Jakarta', 'C'),
(2244, 'Universitas 17 Agustus 1945 Samarinda', 'C'),
(2245, 'Universitas 17 Agustus 1945 Semarang', 'C'),
(2246, 'Universitas 17 Agustus 1945 Surabaya', 'C'),
(2247, 'Universitas 45 Mataram', 'C'),
(2248, 'Universitas 45 Surabaya', 'C'),
(2249, 'Universitas Abdurachman Saleh', 'C'),
(2250, 'Universitas Abdurrab', 'C'),
(2251, 'Universitas Abulyatama', 'C'),
(2252, 'Universitas Achmad Yani Banjarmasin', 'C'),
(2253, 'Universitas Adhirajasa Reswara Sanjaya', 'C'),
(2254, 'Universitas Advent Indonesia', 'C'),
(2255, 'Universitas Agung Podomoro', 'C'),
(2256, 'Universitas Ahmad Dahlan', 'C'),
(2257, 'Universitas Airlangga', 'C'),
(2258, 'Universitas Aisyah Pringsewu', 'C'),
(2259, 'Universitas Aisyiyah Yogyakarta', 'C'),
(2260, 'Universitas Aki', 'C'),
(2261, 'Universitas Al Asyariah Mandar', 'C'),
(2262, 'Universitas Al Muslim', 'C'),
(2263, 'Universitas Al Washliyah', 'C'),
(2264, 'Universitas Al-azhar', 'C'),
(2265, 'Universitas Al-azhar Indonesia', 'C'),
(2266, 'Universitas Al-ghifari', 'C'),
(2267, 'Universitas Al-Khairiyah', 'C'),
(2268, 'Universitas Alkhairaat', 'C'),
(2269, 'Universitas Alma Ata', 'C'),
(2270, 'Universitas Alwashliyah', 'C'),
(2271, 'Universitas Amal Ilmiah Yapis Wamena', 'C'),
(2272, 'Universitas Amikom Purwokerto', 'C'),
(2273, 'Universitas Amikom Yogyakarta', 'C'),
(2274, 'Universitas Amir Hamzah', 'C'),
(2275, 'Universitas An Nuur', 'C'),
(2276, 'Universitas Andalas', 'C'),
(2277, 'Universitas Andi Djemma Palopo', 'C'),
(2278, 'Universitas Asahan', 'C'),
(2279, 'Universitas Atma Jaya Makassar', 'C'),
(2280, 'Universitas Atma Jaya Yogyakarta', 'C'),
(2281, 'Universitas Aufa Royhan', 'C'),
(2282, 'Universitas Bakrie', 'C'),
(2283, 'Universitas Bakti Indonesia', 'C'),
(2284, 'Universitas Bale Bandung', 'C'),
(2285, 'Universitas Balikpapan', 'C'),
(2286, 'Universitas Bandar Lampung', 'C'),
(2287, 'Universitas Bangka Belitung', 'C'),
(2288, 'Universitas Banten Jaya', 'C'),
(2289, 'Universitas Batam', 'C'),
(2290, 'Universitas Batanghari Jambi', 'C'),
(2291, 'Universitas Baturaja', 'C'),
(2292, 'Universitas Bengkulu', 'C'),
(2293, 'Universitas Bhakti Kencana', 'C'),
(2294, 'Universitas Bhayangkara Jakarta Raya', 'C'),
(2295, 'Universitas Bhayangkara Surabaya', 'C'),
(2296, 'Universitas Bhinneka PGRI', 'C'),
(2297, 'Universitas Billfath', 'C'),
(2298, 'Universitas Bina Bangsa', 'C'),
(2299, 'Universitas Bina Bangsa Getsempena', 'C'),
(2300, 'Universitas Bina Darma', 'C'),
(2301, 'Universitas Bina Insan', 'C'),
(2302, 'Universitas Bina Insani', 'C'),
(2303, 'Universitas Bina Mandiri Gorontalo', 'C'),
(2304, 'Universitas Bina Nusantara', 'C'),
(2305, 'Universitas Bina Sarana Informatika', 'C'),
(2306, 'Universitas Binaniaga Indonesia', 'C'),
(2307, 'Universitas Binawan', 'C'),
(2308, 'Universitas Bojonegoro', 'C'),
(2309, 'Universitas Bondowoso', 'C'),
(2310, 'Universitas Borneo Tarakan', 'C'),
(2311, 'Universitas Borobudur', 'C'),
(2312, 'Universitas Bosowa', 'C'),
(2313, 'Universitas Boyolali', 'C'),
(2314, 'Universitas Brawijaya', 'C'),
(2315, 'Universitas Buana Perjuangan Karawang', 'C'),
(2316, 'Universitas Buddhi Dharma Tangerang', 'C'),
(2317, 'Universitas Budi Darma', 'C'),
(2318, 'Universitas Budi Luhur', 'C'),
(2319, 'Universitas Bumi Hijrah Tidore', 'C'),
(2320, 'Universitas Bumigora', 'C'),
(2321, 'Universitas Bunda Mulia', 'C'),
(2322, 'Universitas Bung Hatta', 'C'),
(2323, 'Universitas Bung Karno', 'C'),
(2324, 'Universitas Cendekia Abditama', 'C'),
(2325, 'Universitas Cenderawasih', 'C'),
(2326, 'Universitas Ciputra', 'C'),
(2327, 'Universitas Cokroaminoto', 'C'),
(2328, 'Universitas Cokroaminoto Makassar', 'C'),
(2329, 'Universitas Cokroaminoto Palopo', 'C'),
(2330, 'Universitas Cordova', 'C'),
(2331, 'Universitas Darma Agung', 'C'),
(2332, 'Universitas Darma Persada', 'C'),
(2333, 'Universitas Darul Ulum', 'C'),
(2334, 'Universitas Darul Ulum Islamic Centre Sudirman', 'C'),
(2335, 'Universitas Darussalam Gontor', 'C'),
(2336, 'Universitas Darwan Ali', 'C'),
(2337, 'Universitas Dayanu Ikhsanuddin', 'C'),
(2338, 'Universitas Dehasen Bengkulu', 'C'),
(2339, 'Universitas Dharma Andalas', 'C'),
(2340, 'Universitas Dharmas Indonesia', 'C'),
(2341, 'Universitas Dharmawangsa', 'C'),
(2342, 'Universitas Dhyana Pura', 'C'),
(2343, 'Universitas Dian Nuswantoro', 'C'),
(2344, 'Universitas Dinamika', 'C'),
(2345, 'Universitas Dinamika Bangsa', 'C'),
(2346, 'Universitas Dipa Makassar', 'C'),
(2347, 'Universitas Diponegoro', 'C'),
(2348, 'Universitas Dirgantara Marsekal Suryadarma', 'C'),
(2349, 'Universitas Djuanda', 'C'),
(2350, 'Universitas Doktor Nugroho Magetan', 'C'),
(2351, 'Universitas Dr Soetomo', 'C'),
(2352, 'Universitas Duta Bangsa Surakarta', 'C'),
(2353, 'Universitas Dwijendra', 'C'),
(2354, 'Universitas Efarina', 'C'),
(2355, 'Universitas Ekasakti', 'C'),
(2356, 'Universitas Esa Unggul', 'C'),
(2357, 'Universitas Fajar', 'C'),
(2358, 'Universitas Faletehan', 'C'),
(2359, 'Universitas Flores', 'C'),
(2360, 'Universitas Fort De Kock', 'C'),
(2361, 'Universitas Gadjah Mada', 'C'),
(2362, 'Universitas Gajah Putih', 'C'),
(2363, 'Universitas Gajayana', 'C'),
(2364, 'Universitas Galuh', 'C'),
(2365, 'Universitas Garut', 'C'),
(2366, 'Universitas Global Jakarta', 'C'),
(2367, 'Universitas Gorontalo', 'C'),
(2368, 'Universitas Graha Nusantara', 'C'),
(2369, 'Universitas Gresik', 'C'),
(2370, 'Universitas Gunadarma', 'C'),
(2371, 'Universitas Gunung Kidul', 'C'),
(2372, 'Universitas Gunung Leuser Aceh', 'C'),
(2373, 'Universitas Gunung Rinjani', 'C'),
(2374, 'Universitas Haji Sumatera Utara', 'C'),
(2375, 'Universitas Halmahera', 'C'),
(2376, 'Universitas Halu Oleo', 'C'),
(2377, 'Universitas Hamzanwadi', 'C'),
(2378, 'Universitas Hang Tuah', 'C'),
(2379, 'Universitas Harapan Bangsa', 'C'),
(2380, 'Universitas Harapan Medan', 'C'),
(2381, 'Universitas Hasanuddin', 'C'),
(2382, 'Universitas Hasyim Asy\'ari Tebuireng Jombang', 'C'),
(2383, 'Universitas Hayam Wuruk Perbanas', 'C'),
(2384, 'Universitas Hein Namotemo', 'C'),
(2385, 'Universitas Hindu Indonesia', 'C'),
(2386, 'Universitas Hindu Negeri I Gusti Bagus Sugriwa Denpasar', 'C'),
(2387, 'Universitas HKBP Nommensen', 'C'),
(2388, 'Universitas IBA', 'C'),
(2389, 'Universitas Ibn Khaldun', 'C'),
(2390, 'Universitas Ibnu Sina', 'C'),
(2391, 'Universitas Ibrahimy', 'C'),
(2392, 'Universitas Ichsan Gorontalo', 'C'),
(2393, 'Universitas Imelda Medan', 'C'),
(2394, 'Universitas Indo Global Mandiri', 'C'),
(2395, 'Universitas Indonesia', 'C'),
(2396, 'Universitas Indraprasta PGRI', 'C'),
(2397, 'Universitas Informatika Dan Bisnis Indonesia', 'C'),
(2398, 'Universitas Insan Cendekia Mandiri', 'C'),
(2399, 'Universitas Internasional Batam', 'C'),
(2400, 'Universitas Internasional Semen Indonesia', 'C'),
(2401, 'Universitas Iskandar Muda', 'C'),
(2402, 'Universitas Islam 45', 'C'),
(2403, 'Universitas Islam Al-azhar', 'C'),
(2404, 'Universitas Islam Al-Ihya Kuningan', 'C'),
(2405, 'Universitas Islam As-syafiiyah', 'C'),
(2406, 'Universitas Islam Balitar', 'C'),
(2407, 'Universitas Islam Bandung', 'C'),
(2408, 'Universitas Islam Batik', 'C'),
(2409, 'Universitas Islam Darul \'Ulum', 'C'),
(2410, 'Universitas Islam Indonesia', 'C'),
(2411, 'Universitas Islam Indragiri', 'C'),
(2412, 'Universitas Islam Jakarta', 'C'),
(2413, 'Universitas Islam Jember', 'C'),
(2414, 'Universitas Islam Kadiri', 'C'),
(2415, 'Universitas Islam Kalimantan Muhammad Arsyad Al Banjari Banjarmasin', 'C'),
(2416, 'Universitas Islam Kebangsaan Indonesia', 'C'),
(2417, 'Universitas Islam Kuantan Singingi', 'C'),
(2418, 'Universitas Islam Labuhan Batu', 'C'),
(2419, 'Universitas Islam Lamongan', 'C'),
(2420, 'Universitas Islam Madura', 'C'),
(2421, 'Universitas Islam Majapahit Mojokerto', 'C'),
(2422, 'Universitas Islam Makassar', 'C'),
(2423, 'Universitas Islam Malang', 'C'),
(2424, 'Universitas Islam Nahdlatul Ulama Jepara', 'C'),
(2425, 'Universitas Islam Negeri Alauddin', 'C'),
(2426, 'Universitas Islam Negeri Antasari Banjarmasin', 'C'),
(2427, 'Universitas Islam Negeri Ar-Raniry Banda Aceh', 'C'),
(2428, 'Universitas Islam Negeri Fatmawati Sukarno Bengkulu', 'C'),
(2429, 'Universitas Islam Negeri Imam Bonjol Padang', 'C'),
(2430, 'Universitas Islam Negeri Kiai Haji Achmad Siddiq Jember', 'C'),
(2431, 'Universitas Islam Negeri Mataram', 'C'),
(2432, 'Universitas Islam Negeri Maulana Malik Ibrahim', 'C'),
(2433, 'Universitas Islam Negeri Profesor Kiai Haji Saifuddin Zuhri Purwokerto', 'C'),
(2434, 'Universitas Islam Negeri Raden Fatah Palembang', 'C'),
(2435, 'Universitas Islam Negeri Raden Intan Lampung', 'C'),
(2436, 'Universitas Islam Negeri Raden Mas Said Surakarta', 'C'),
(2437, 'Universitas Islam Negeri Sayyid Ali Rahmatullah Tulungagung', 'C'),
(2438, 'Universitas Islam Negeri Sultan Aji Muhammad Idris Samarinda', 'C'),
(2439, 'Universitas Islam Negeri Sultan Maulana Hasanuddin Banten', 'C'),
(2440, 'Universitas Islam Negeri Sultan Syarif Kasim Riau', 'C'),
(2441, 'Universitas Islam Negeri Sultan Thaha Saifuddin Jambi', 'C'),
(2442, 'Universitas Islam Negeri Sumatera Utara Medan', 'C'),
(2443, 'Universitas Islam Negeri Sunan Ampel', 'C'),
(2444, 'Universitas Islam Negeri Sunan Gunung Djati', 'C'),
(2445, 'Universitas Islam Negeri Sunan Kalijaga', 'C'),
(2446, 'Universitas Islam Negeri Syarif Hidayatullah', 'C'),
(2447, 'Universitas Islam Negeri Walisongo Semarang', 'C'),
(2448, 'Universitas Islam Nusantara', 'C'),
(2449, 'Universitas Islam Ogan Komering Ilir Kayuagung', 'C'),
(2450, 'Universitas Islam Raden Rahmat', 'C'),
(2451, 'Universitas Islam Riau', 'C'),
(2452, 'Universitas Islam Sultan Agung', 'C'),
(2453, 'Universitas Islam Sumatera Utara', 'C'),
(2454, 'Universitas Islam Syekh Yusuf', 'C'),
(2455, 'Universitas Islam Zainul Hasan Genggong Probolinggo', 'C'),
(2456, 'Universitas Ivet', 'C'),
(2457, 'Universitas Jabal Ghafur', 'C'),
(2458, 'Universitas Jakarta', 'C'),
(2459, 'Universitas Jambi', 'C'),
(2460, 'Universitas Janabadra', 'C'),
(2461, 'Universitas Jayabaya', 'C'),
(2462, 'Universitas Jember', 'C'),
(2463, 'Universitas Jenderal Achmad Yani', 'C'),
(2464, 'Universitas Jenderal Achmad Yani Yogyakarta', 'C'),
(2465, 'Universitas Jenderal Soedirman', 'C'),
(2466, 'Universitas Kader Bangsa', 'C'),
(2467, 'Universitas Kadiri', 'C'),
(2468, 'Universitas Kahuripan Kediri', 'C'),
(2469, 'Universitas Kaltara', 'C'),
(2470, 'Universitas Kanjuruhan', 'C'),
(2471, 'Universitas Kapuas Sintang', 'C'),
(2472, 'Universitas Karimun', 'C'),
(2473, 'Universitas Karyadarma Kupang', 'C'),
(2474, 'Universitas Katolik Darma Cendika', 'C'),
(2475, 'Universitas Katolik De La Salle Mapanget', 'C'),
(2476, 'Universitas Katolik Indonesia Atma Jaya', 'C'),
(2477, 'Universitas Katolik Indonesia Santu Paulus Ruteng', 'C'),
(2478, 'Universitas Katolik Musi Charitas', 'C'),
(2479, 'Universitas Katolik Parahyangan', 'C'),
(2480, 'Universitas Katolik Santo Thomas', 'C'),
(2481, 'Universitas Katolik Soegijapranata', 'C'),
(2482, 'Universitas Katolik Widya Karya', 'C'),
(2483, 'Universitas Katolik Widya Mandala Madiun', 'C'),
(2484, 'Universitas Katolik Widya Mandala Surabaya', 'C'),
(2485, 'Universitas Katolik Widya Mandira Kupang', 'C'),
(2486, 'Universitas Kebangsaan', 'C'),
(2487, 'Universitas KH. A. Wahab Hasbullah', 'C'),
(2488, 'Universitas Khairun', 'C'),
(2489, 'Universitas Klabat', 'C'),
(2490, 'Universitas Komputer Indonesia', 'C'),
(2491, 'Universitas Krisnadwipayana', 'C'),
(2492, 'Universitas Kristen Artha Wacana', 'C'),
(2493, 'Universitas Kristen Duta Wacana', 'C'),
(2494, 'Universitas Kristen Immanuel', 'C'),
(2495, 'Universitas Kristen Indonesia', 'C'),
(2496, 'Universitas Kristen Indonesia Maluku', 'C'),
(2497, 'Universitas Kristen Indonesia Paulus', 'C'),
(2498, 'Universitas Kristen Indonesia Tomohon', 'C'),
(2499, 'Universitas Kristen Indonesia Toraja', 'C'),
(2500, 'Universitas Kristen Krida Wacana', 'C'),
(2501, 'Universitas Kristen Maranatha', 'C'),
(2502, 'Universitas Kristen Palangka Raya', 'C'),
(2503, 'Universitas Kristen Papua', 'C'),
(2504, 'Universitas Kristen Petra', 'C'),
(2505, 'Universitas Kristen Satya Wacana', 'C'),
(2506, 'Universitas Kristen Surakarta', 'C'),
(2507, 'Universitas Kristen Wira Wacana Sumba', 'C'),
(2508, 'Universitas Kristen Wira Wacana Sumba', 'C'),
(2509, 'Universitas Kuningan', 'C'),
(2510, 'Universitas Kusuma Husada Surakarta', 'C'),
(2511, 'Universitas Kutai Kartanegara Tenggarong', 'C'),
(2512, 'Universitas Labuhanbatu', 'C'),
(2513, 'Universitas Lakidende Unahaa', 'C'),
(2514, 'Universitas Lambung Mangkurat', 'C'),
(2515, 'Universitas Lampung', 'C'),
(2516, 'Universitas Lancang Kuning', 'C'),
(2517, 'Universitas Langlangbuana', 'C'),
(2518, 'Universitas Lumajang', 'C'),
(2519, 'Universitas Ma Chung', 'C'),
(2520, 'Universitas Ma\'arif Nahdlatul Ulama Kebumen', 'C'),
(2521, 'Universitas Ma\'soem', 'C'),
(2522, 'Universitas Maarif Hasyim Latif', 'C'),
(2523, 'Universitas Madako Toli-toli', 'C'),
(2524, 'Universitas Madura', 'C'),
(2525, 'Universitas Mahakarya Asia', 'C'),
(2526, 'Universitas Mahaputra Muhammad Yamin', 'C'),
(2527, 'Universitas Mahasaraswati Denpasar', 'C'),
(2528, 'Universitas Mahendradatta', 'C'),
(2529, 'Universitas Majalengka', 'C'),
(2530, 'Universitas Malahayati', 'C'),
(2531, 'Universitas Malikussaleh', 'C'),
(2532, 'Universitas Maritim AMNI', 'C'),
(2533, 'Universitas Maritim Raja Ali Haji (UMRAH)', 'C'),
(2534, 'Universitas Matana', 'C'),
(2535, 'Universitas Mataram', 'C'),
(2536, 'Universitas Medan Area', 'C'),
(2537, 'Universitas Medika Suherman', 'C'),
(2538, 'Universitas Mega Buana Palopo', 'C'),
(2539, 'Universitas Megarezky', 'C'),
(2540, 'Universitas Mercu Buana', 'C'),
(2541, 'Universitas Merdeka Madiun', 'C'),
(2542, 'Universitas Merdeka Malang', 'C'),
(2543, 'Universitas Merdeka Pasuruan', 'C'),
(2544, 'Universitas Merdeka Ponorogo', 'C'),
(2545, 'Universitas Merdeka Surabaya', 'C'),
(2546, 'Universitas Methodist Indonesia', 'C'),
(2547, 'Universitas Mitra Indonesia', 'C'),
(2548, 'Universitas Mitra Karya', 'C'),
(2549, 'Universitas Mochammad Sroedji', 'C'),
(2550, 'Universitas Mohammad Natsir Bukittinggi', 'C'),
(2551, 'Universitas Mpu Tantular', 'C'),
(2552, 'Universitas Muara Bungo', 'C'),
(2553, 'Universitas Muhadi Setiabudi', 'C'),
(2554, 'Universitas Muhammadiyah Aceh', 'C'),
(2555, 'Universitas Muhammadiyah Bangka Belitung', 'C'),
(2556, 'Universitas Muhammadiyah Banjarmasin', 'C'),
(2557, 'Universitas Muhammadiyah Bengkulu', 'C'),
(2558, 'Universitas Muhammadiyah Bone', 'C'),
(2559, 'Universitas Muhammadiyah Bulukumba', 'C'),
(2560, 'Universitas Muhammadiyah Buton', 'C'),
(2561, 'Universitas Muhammadiyah Cirebon', 'C'),
(2562, 'Universitas Muhammadiyah Enrekang', 'C'),
(2563, 'Universitas Muhammadiyah Gorontalo', 'C'),
(2564, 'Universitas Muhammadiyah Gresik', 'C'),
(2565, 'Universitas Muhammadiyah Jakarta', 'C'),
(2566, 'Universitas Muhammadiyah Jambi', 'C'),
(2567, 'Universitas Muhammadiyah Jember', 'C'),
(2568, 'Universitas Muhammadiyah Kalimantan Timur', 'C'),
(2569, 'Universitas Muhammadiyah Kendari', 'C'),
(2570, 'Universitas Muhammadiyah Kotabumi', 'C'),
(2571, 'Universitas Muhammadiyah Kudus', 'C'),
(2572, 'Universitas Muhammadiyah Kupang', 'C'),
(2573, 'Universitas Muhammadiyah Lamongan', 'C'),
(2574, 'Universitas Muhammadiyah Lampung', 'C'),
(2575, 'Universitas Muhammadiyah Luwuk Banggai', 'C'),
(2576, 'Universitas Muhammadiyah Magelang', 'C'),
(2577, 'Universitas Muhammadiyah Makassar', 'C'),
(2578, 'Universitas Muhammadiyah Malang', 'C'),
(2579, 'Universitas Muhammadiyah Maluku Utara', 'C'),
(2580, 'Universitas Muhammadiyah Mataram', 'C'),
(2581, 'Universitas Muhammadiyah Metro', 'C'),
(2582, 'Universitas Muhammadiyah Palangka Raya', 'C'),
(2583, 'Universitas Muhammadiyah Palembang', 'C'),
(2584, 'Universitas Muhammadiyah Palopo', 'C'),
(2585, 'Universitas Muhammadiyah Palu', 'C'),
(2586, 'Universitas Muhammadiyah Papua', 'C'),
(2587, 'Universitas Muhammadiyah Pare-pare', 'C'),
(2588, 'Universitas Muhammadiyah Pekajangan Pekalongan', 'C'),
(2589, 'Universitas Muhammadiyah Ponorogo', 'C'),
(2590, 'Universitas Muhammadiyah Pontianak', 'C'),
(2591, 'Universitas Muhammadiyah Pringsewu', 'C'),
(2592, 'Universitas Muhammadiyah Prof Dr Hamka', 'C'),
(2593, 'Universitas Muhammadiyah Purwokerto', 'C'),
(2594, 'Universitas Muhammadiyah Purworejo', 'C'),
(2595, 'Universitas Muhammadiyah Riau', 'C'),
(2596, 'Universitas Muhammadiyah Semarang', 'C'),
(2597, 'Universitas Muhammadiyah Sidenreng Rappang', 'C'),
(2598, 'Universitas Muhammadiyah Sidoarjo', 'C'),
(2599, 'Universitas Muhammadiyah Sinjai', 'C'),
(2600, 'Universitas Muhammadiyah Sorong', 'C'),
(2601, 'Universitas Muhammadiyah Sukabumi', 'C'),
(2602, 'Universitas Muhammadiyah Sumatera Barat', 'C'),
(2603, 'Universitas Muhammadiyah Sumatera Utara', 'C'),
(2604, 'Universitas Muhammadiyah Surabaya', 'C'),
(2605, 'Universitas Muhammadiyah Surakarta', 'C'),
(2606, 'Universitas Muhammadiyah Tangerang', 'C'),
(2607, 'Universitas Muhammadiyah Tapanuli Selatan', 'C'),
(2608, 'Universitas Muhammadiyah Tasikmalaya', 'C'),
(2609, 'Universitas Muhammadiyah Yogyakarta', 'C'),
(2610, 'Universitas Mulawarman', 'C'),
(2611, 'Universitas Mulia', 'C'),
(2612, 'Universitas Multimedia Nusantara', 'C'),
(2613, 'Universitas Muria Kudus', 'C'),
(2614, 'Universitas Musamus Merauke', 'C'),
(2615, 'Universitas Musi Rawas', 'C'),
(2616, 'Universitas Muslim Buton', 'C'),
(2617, 'Universitas Muslim Indonesia', 'C'),
(2618, 'Universitas Muslim Nusantara Al-Washliyah', 'C'),
(2619, 'Universitas Nahdlatul Ulama Al Ghazali Cilacap', 'C'),
(2620, 'Universitas Nahdlatul Ulama Blitar', 'C'),
(2621, 'Universitas Nahdlatul Ulama Kalimantan Timur', 'C'),
(2622, 'Universitas Nahdlatul Ulama Purwokerto', 'C'),
(2623, 'Universitas Nahdlatul Ulama Sidoarjo', 'C'),
(2624, 'Universitas Nahdlatul Ulama Sumatera Utara', 'C'),
(2625, 'Universitas Nahdlatul Ulama Sunan Giri', 'C'),
(2626, 'Universitas Nahdlatul Ulama Surabaya', 'C'),
(2627, 'Universitas Nahdlatul Ulama Surakarta', 'C'),
(2628, 'Universitas Nahdlatul Wathan Mataram', 'C'),
(2629, 'Universitas Narotama', 'C'),
(2630, 'Universitas Nasional', 'C'),
(2631, 'Universitas Nasional Pasim', 'C'),
(2632, 'Universitas Negeri Gorontalo', 'C'),
(2633, 'Universitas Negeri Jakarta', 'C'),
(2634, 'Universitas Negeri Makassar', 'C'),
(2635, 'Universitas Negeri Malang', 'C'),
(2636, 'Universitas Negeri Manado', 'C'),
(2637, 'Universitas Negeri Medan', 'C'),
(2638, 'Universitas Negeri Padang', 'C'),
(2639, 'Universitas Negeri Semarang', 'C'),
(2640, 'Universitas Negeri Surabaya', 'C'),
(2641, 'Universitas Negeri Yogyakarta', 'C'),
(2642, 'Universitas Ngudi Waluyo', 'C'),
(2643, 'Universitas Ngurah Rai', 'C'),
(2644, 'Universitas Nuku', 'C'),
(2645, 'Universitas Nurdin Hamzah', 'C'),
(2646, 'Universitas Nurtanio', 'C'),
(2647, 'Universitas Nurul Jadid', 'C'),
(2648, 'Universitas Nusa Bangsa', 'C'),
(2649, 'Universitas Nusa Cendana', 'C'),
(2650, 'Universitas Nusa Lontar', 'C'),
(2651, 'Universitas Nusa Mandiri', 'C'),
(2652, 'Universitas Nusa Nipa', 'C'),
(2653, 'Universitas Nusa Putra', 'C'),
(2654, 'Universitas Nusantara Manado', 'C'),
(2655, 'Universitas Nusantara PGRI Kediri', 'C'),
(2656, 'Universitas Ottow Geissler', 'C'),
(2657, 'Universitas Padjadjaran', 'C'),
(2658, 'Universitas Pahlawan Tuanku Tambusai', 'C'),
(2659, 'Universitas Pakuan', 'C'),
(2660, 'Universitas Palangka Raya', 'C'),
(2661, 'Universitas Palembang', 'C'),
(2662, 'Universitas Pamulang', 'C'),
(2663, 'Universitas Panca Bhakti', 'C'),
(2664, 'Universitas Panca Marga', 'C'),
(2665, 'Universitas Panca Sakti Bekasi', 'C'),
(2666, 'Universitas Pancasakti', 'C'),
(2667, 'Universitas Pancasakti Tegal', 'C'),
(2668, 'Universitas Pancasila', 'C'),
(2669, 'Universitas Pandanaran', 'C'),
(2670, 'Universitas Panji Sakti Singaraja', 'C'),
(2671, 'Universitas Papua', 'C'),
(2672, 'Universitas Paramadina', 'C'),
(2673, 'Universitas Pasir Pengaraian', 'C'),
(2674, 'Universitas Pasundan', 'C'),
(2675, 'Universitas Pat Petulai', 'C'),
(2676, 'Universitas Patria Artha Makassar', 'C'),
(2677, 'Universitas Pawyatan Daha', 'C'),
(2678, 'Universitas Pejuang Republik Indonesia', 'C'),
(2679, 'Universitas Pekalongan', 'C'),
(2680, 'Universitas Pelita Bangsa', 'C'),
(2681, 'Universitas Pelita Harapan', 'C'),
(2682, 'Universitas Pembangunan Indonesia', 'C'),
(2683, 'Universitas Pembangunan Jaya', 'C'),
(2684, 'Universitas Pembangunan Nasional Veteran Jakarta', 'C'),
(2685, 'Universitas Pembangunan Nasional Veteran Jawa Timur', 'C'),
(2686, 'Universitas Pembangunan Nasional Veteran Yogyakarta', 'C'),
(2687, 'Universitas Pembangunan Panca Budi', 'C'),
(2688, 'Universitas Pembinaan Masyarakat Indonesia', 'C'),
(2689, 'Universitas Pendidikan Ganesha', 'C'),
(2690, 'Universitas Pendidikan Indonesia', 'C'),
(2691, 'Universitas Pendidikan Mandalika', 'C'),
(2692, 'Universitas Pendidikan Muhammadiyah Sorong', 'C'),
(2693, 'Universitas Pendidikan Nasional', 'C'),
(2694, 'Universitas Peradaban', 'C'),
(2695, 'Universitas Persada Indonesia Yai', 'C'),
(2696, 'Universitas Persatuan Guru 1945 NTT', 'C'),
(2697, 'Universitas Pertahanan', 'C'),
(2698, 'Universitas Pertamina', 'C'),
(2699, 'Universitas Pesantren Tinggi Darul \' Ulum Jombang', 'C'),
(2700, 'Universitas PGRI Adi Buana Surabaya', 'C'),
(2701, 'Universitas PGRI Banyuwangi', 'C'),
(2702, 'Universitas PGRI Madiun', 'C'),
(2703, 'Universitas PGRI Mahadewa Indonesia', 'C'),
(2704, 'Universitas PGRI Palangka Raya', 'C'),
(2705, 'Universitas PGRI Palembang', 'C'),
(2706, 'Universitas PGRI Ronggolawe', 'C'),
(2707, 'Universitas PGRI Semarang', 'C'),
(2708, 'Universitas PGRI Wiranegara', 'C'),
(2709, 'Universitas PGRI Yogyakarta', 'C'),
(2710, 'Universitas Potensi Utama', 'C'),
(2711, 'Universitas Pradita', 'C'),
(2712, 'Universitas Pramita Indonesia', 'C'),
(2713, 'Universitas Prasetiya Mulya', 'C'),
(2714, 'Universitas Presiden', 'C'),
(2715, 'Universitas Prima Indonesia', 'C'),
(2716, 'Universitas Primagraha', 'C'),
(2717, 'Universitas Prisma', 'C'),
(2718, 'Universitas Prof Dr Hazairin SH', 'C'),
(2719, 'Universitas Prof. Dr. Moestopo (Beragama)', 'C'),
(2720, 'Universitas Proklamasi 45', 'C'),
(2721, 'Universitas Puangrimaggalatung', 'C'),
(2722, 'Universitas Putera Batam', 'C'),
(2723, 'Universitas Putra Bangsa', 'C'),
(2724, 'Universitas Putra Indonesia', 'C'),
(2725, 'Universitas Putra Indonesia YPTK Padang', 'C'),
(2726, 'Universitas Qamarul Huda Badaruddin Bagu', 'C'),
(2727, 'Universitas Qomaruddin', 'C'),
(2728, 'Universitas Quality', 'C'),
(2729, 'Universitas Raharja', 'C'),
(2730, 'Universitas Ratu Samban', 'C'),
(2731, 'Universitas Respati Indonesia', 'C'),
(2732, 'Universitas Respati Yogyakarta', 'C'),
(2733, 'Universitas Riau', 'C'),
(2734, 'Universitas Riau Kepulauan', 'C'),
(2735, 'Universitas Sahid', 'C'),
(2736, 'Universitas Sahid Surakarta', 'C'),
(2737, 'Universitas Sains Al Qur\'an', 'C'),
(2738, 'Universitas Sains Cut Nyak Dhien', 'C'),
(2739, 'Universitas Sains dan Teknologi Jayapura', 'C'),
(2740, 'Universitas Sains dan Teknologi Komputer', 'C'),
(2741, 'Universitas Sam Ratulangi', 'C'),
(2742, 'Universitas Samawa', 'C'),
(2743, 'Universitas Sampoerna', 'C'),
(2744, 'Universitas Samudra', 'C'),
(2745, 'Universitas San Pedro', 'C'),
(2746, 'Universitas Sanata Dharma', 'C'),
(2747, 'Universitas Sang Bumi Ruwa Jurai', 'C'),
(2748, 'Universitas Sangga Buana', 'C'),
(2749, 'Universitas Sari Mulia', 'C'),
(2750, 'Universitas Sari Mutiara Indonesia Medan', 'C'),
(2751, 'Universitas Sari Putra Indonesia Tomohon', 'C'),
(2752, 'Universitas Sarjanawiyata Tamansiswa', 'C'),
(2753, 'Universitas Satya Negara Indonesia', 'C'),
(2754, 'Universitas Satya Wiyata Mandala', 'C'),
(2755, 'Universitas Sawerigading Makassar', 'C'),
(2756, 'Universitas Sebelas April', 'C'),
(2757, 'Universitas Sebelas Maret', 'C'),
(2758, 'Universitas Selamat Sri', 'C'),
(2759, 'Universitas Semarang', 'C'),
(2760, 'Universitas Sembilanbelas November Kolaka', 'C'),
(2761, 'Universitas Serambi Mekkah', 'C'),
(2762, 'Universitas Serang Raya', 'C'),
(2763, 'Universitas Setia Budi Surakarta', 'C'),
(2764, 'Universitas Siliwangi', 'C'),
(2765, 'Universitas Simalungun', 'C'),
(2766, 'Universitas Singaperbangsa Karawang', 'C'),
(2767, 'Universitas Sintuwu Maroso', 'C'),
(2768, 'Universitas Sisingamangaraja XII Tapanuli Utara', 'C'),
(2769, 'Universitas Sjakhyakirti', 'C'),
(2770, 'Universitas Slamet Riyadi', 'C'),
(2771, 'Universitas Soerjo', 'C'),
(2772, 'Universitas Sriwijaya', 'C'),
(2773, 'Universitas Stikubank', 'C'),
(2774, 'Universitas Subang', 'C'),
(2775, 'Universitas Sulawesi Barat', 'C'),
(2776, 'Universitas Sulawesi Tenggara', 'C'),
(2777, 'Universitas Sultan Ageng Tirtayasa', 'C'),
(2778, 'Universitas Sultan Fatah', 'C'),
(2779, 'Universitas Sumatera Selatan', 'C'),
(2780, 'Universitas Sumatera Utara', 'C'),
(2781, 'Universitas Sunan Bonang', 'C'),
(2782, 'Universitas Sunan Giri', 'C'),
(2783, 'Universitas Surabaya', 'C'),
(2784, 'Universitas Surakarta', 'C'),
(2785, 'Universitas Surapati', 'C'),
(2786, 'Universitas Surya Bogor', 'C'),
(2787, 'Universitas Suryakancana', 'C'),
(2788, 'Universitas Swiss German', 'C'),
(2789, 'Universitas Syiah Kuala', 'C'),
(2790, 'Universitas Tabanan', 'C'),
(2791, 'Universitas Tadulako', 'C'),
(2792, 'Universitas Tama Jagakarsa', 'C'),
(2793, 'Universitas Tamansiswa', 'C'),
(2794, 'Universitas Tamansiswa Padang', 'C'),
(2795, 'Universitas Tanjungpura', 'C'),
(2796, 'Universitas Tarumanagara', 'C'),
(2797, 'Universitas Teknokrat Indonesia', 'C'),
(2798, 'Universitas Teknologi Nusantara Cilegon', 'C'),
(2799, 'Universitas Teknologi Sulawesi', 'C'),
(2800, 'Universitas Teknologi Sulawesi Utara', 'C'),
(2801, 'Universitas Teknologi Sumbawa', 'C'),
(2802, 'Universitas Teknologi Yogyakarta', 'C'),
(2803, 'Universitas Telkom', 'C'),
(2804, 'Universitas Terbuka', 'C'),
(2805, 'Universitas Teuku Umar', 'C'),
(2806, 'Universitas Tidar', 'C'),
(2807, 'Universitas Timor', 'C'),
(2808, 'Universitas Tjut Nyak Dhien', 'C'),
(2809, 'Universitas Tomakaka', 'C'),
(2810, 'Universitas Tompotika Luwuk Banggai', 'C'),
(2811, 'Universitas Tribhuwana Tungga Dewi', 'C'),
(2812, 'Universitas Tribuana Kalabahi', 'C'),
(2813, 'Universitas Tribuana Kalabahi', 'C'),
(2814, 'Universitas Tridinanti', 'C'),
(2815, 'Universitas Trilogi', 'C'),
(2816, 'Universitas Trisakti', 'C'),
(2817, 'Universitas Trunajaya', 'C'),
(2818, 'Universitas Trunojoyo', 'C'),
(2819, 'Universitas Tulang Bawang', 'C'),
(2820, 'Universitas Tulungagung', 'C'),
(2821, 'Universitas Tunas Pembangunan', 'C'),
(2822, 'Universitas Ubudiyah Indonesia', 'C'),
(2823, 'Universitas Udayana', 'C'),
(2824, 'Universitas Veteran Bangun Nusantara', 'C'),
(2825, 'Universitas Victory Sorong', 'C'),
(2826, 'Universitas Wahid Hasyim', 'C'),
(2827, 'Universitas Wahidiyah', 'C'),
(2828, 'Universitas Wanita Internasional', 'C'),
(2829, 'Universitas Warmadewa', 'C'),
(2830, 'Universitas Widya Dharma Klaten', 'C'),
(2831, 'Universitas Widya Dharma Pontianak', 'C'),
(2832, 'Universitas Widya Gama', 'C'),
(2833, 'Universitas Widya Gama Mahakam Samarinda', 'C'),
(2834, 'Universitas Widya Kartika', 'C'),
(2835, 'Universitas Widya Mataram', 'C'),
(2836, 'Universitas Widyatama', 'C'),
(2837, 'Universitas Wijaya Kusuma Purwokerto', 'C'),
(2838, 'Universitas Wijaya Kusuma Surabaya', 'C'),
(2839, 'Universitas Wijaya Putra', 'C'),
(2840, 'Universitas Winaya Mukti', 'C'),
(2841, 'Universitas Wiralodra', 'C'),
(2842, 'Universitas Wiraraja', 'C'),
(2843, 'Universitas Wisnuwardhana', 'C'),
(2844, 'Universitas WR Supratman', 'C'),
(2845, 'Universitas Yapis Papua', 'C'),
(2846, 'Universitas Yarsi', 'C'),
(2847, 'Universitas Yos Sudarso', 'C'),
(2848, 'Universitas Yudharta Pasuruan', 'C');

-- --------------------------------------------------------

--
-- Table structure for table `users`
--

CREATE TABLE `users` (
  `id` bigint(20) UNSIGNED NOT NULL,
  `pendaftaran_id` bigint(20) UNSIGNED DEFAULT NULL,
  `univ_id` bigint(20) UNSIGNED DEFAULT NULL,
  `nama` varchar(100) NOT NULL,
  `password` varchar(255) NOT NULL,
  `jenis_kelamin` char(1) NOT NULL,
  `tgl_lahir` date DEFAULT NULL,
  `pend` enum('smak','d3','s1d4') DEFAULT NULL,
  `jarak` float DEFAULT NULL,
  `email` varchar(100) NOT NULL,
  `role` enum('user','admin') NOT NULL,
  `created_at` timestamp NULL DEFAULT NULL,
  `updated_at` timestamp NULL DEFAULT NULL
) ENGINE=InnoDB DEFAULT CHARSET=utf8mb4;

--
-- Dumping data for table `users`
--

INSERT INTO `users` (`id`, `pendaftaran_id`, `univ_id`, `nama`, `password`, `jenis_kelamin`, `tgl_lahir`, `pend`, `jarak`, `email`, `role`, `created_at`, `updated_at`) VALUES
(9, NULL, NULL, 'Wisnu Sunadi', '$2y$10$kNWn1npRmSFTTTuVVo3I7OEfGtRFm.SDY66gpowVVWI73if12Qh5m', 'l', NULL, NULL, NULL, 'wisnu@gmail.com', 'admin', '2022-02-22 05:44:01', '2022-02-22 05:44:01'),
(10, NULL, NULL, 'Rahayu Ajeng', '$2y$10$eB6Lo3hTut9SSibtIy4hY.QmjlACwYtfT/RPgQQM4g0Bx56Stl626', 'p', NULL, NULL, NULL, 'rahayu@gmail.com', 'admin', '2022-02-22 21:28:32', '2022-02-22 21:28:32'),
(11, 2, NULL, 'Nabila Putri', '$2y$10$aOmmFOzoJQ1OyJ34h4CqYO7NyNhNOMkb4OdPLfwt7QjLUA3rTcNDG', 'p', NULL, NULL, NULL, 'nabilautri@gmail.com', 'user', '2022-03-05 03:42:23', '2022-03-05 03:42:23');

-- --------------------------------------------------------

--
-- Table structure for table `user_jawaban`
--

CREATE TABLE `user_jawaban` (
  `user_id` bigint(20) UNSIGNED NOT NULL,
  `soal_id` bigint(20) UNSIGNED NOT NULL
) ENGINE=InnoDB DEFAULT CHARSET=utf8mb4;

--
-- Indexes for dumped tables
--

--
-- Indexes for table `divisi`
--
ALTER TABLE `divisi`
  ADD PRIMARY KEY (`id`);

--
-- Indexes for table `jabatan`
--
ALTER TABLE `jabatan`
  ADD PRIMARY KEY (`id`);

--
-- Indexes for table `jadwal`
--
ALTER TABLE `jadwal`
  ADD PRIMARY KEY (`id`);

--
-- Indexes for table `jawaban`
--
ALTER TABLE `jawaban`
  ADD PRIMARY KEY (`id`),
  ADD KEY `jawabab_fk1` (`soal_detail_id`);

--
-- Indexes for table `pendaftaran`
--
ALTER TABLE `pendaftaran`
  ADD PRIMARY KEY (`id`),
  ADD KEY `pendaftaran_fk1` (`jabatan_id`),
  ADD KEY `pendaftaran_fk2` (`jadwal_id`),
  ADD KEY `pendaftaran_fk3` (`divisi_id`);

--
-- Indexes for table `soal`
--
ALTER TABLE `soal`
  ADD PRIMARY KEY (`id`);

--
-- Indexes for table `soal_detail`
--
ALTER TABLE `soal_detail`
  ADD PRIMARY KEY (`id`),
  ADD KEY `soal_detail_fk1` (`soal_id`);

--
-- Indexes for table `soal_divisi`
--
ALTER TABLE `soal_divisi`
  ADD KEY `soal_divisi_divisi_id` (`divisi_id`),
  ADD KEY `soal_divisi_soal_id` (`soal_id`);

--
-- Indexes for table `soal_jabatan`
--
ALTER TABLE `soal_jabatan`
  ADD KEY `soal_jabatan_jabatan_id` (`jabatan_id`),
  ADD KEY `soal_jabatan_soal_id` (`soal_id`);

--
-- Indexes for table `universitas`
--
ALTER TABLE `universitas`
  ADD PRIMARY KEY (`id`);

--
-- Indexes for table `users`
--
ALTER TABLE `users`
  ADD PRIMARY KEY (`id`),
  ADD KEY `user_fk1` (`pendaftaran_id`),
  ADD KEY `univ_id_fk` (`univ_id`);

--
-- AUTO_INCREMENT for dumped tables
--

--
-- AUTO_INCREMENT for table `divisi`
--
ALTER TABLE `divisi`
  MODIFY `id` bigint(20) UNSIGNED NOT NULL AUTO_INCREMENT, AUTO_INCREMENT=6;

--
-- AUTO_INCREMENT for table `jabatan`
--
ALTER TABLE `jabatan`
  MODIFY `id` bigint(20) UNSIGNED NOT NULL AUTO_INCREMENT, AUTO_INCREMENT=5;

--
-- AUTO_INCREMENT for table `jadwal`
--
ALTER TABLE `jadwal`
  MODIFY `id` bigint(20) UNSIGNED NOT NULL AUTO_INCREMENT, AUTO_INCREMENT=4;

--
-- AUTO_INCREMENT for table `jawaban`
--
ALTER TABLE `jawaban`
  MODIFY `id` bigint(20) UNSIGNED NOT NULL AUTO_INCREMENT, AUTO_INCREMENT=72;

--
-- AUTO_INCREMENT for table `pendaftaran`
--
ALTER TABLE `pendaftaran`
  MODIFY `id` bigint(20) UNSIGNED NOT NULL AUTO_INCREMENT, AUTO_INCREMENT=6;

--
-- AUTO_INCREMENT for table `soal`
--
ALTER TABLE `soal`
  MODIFY `id` bigint(20) UNSIGNED NOT NULL AUTO_INCREMENT, AUTO_INCREMENT=22;

--
-- AUTO_INCREMENT for table `soal_detail`
--
ALTER TABLE `soal_detail`
  MODIFY `id` bigint(20) UNSIGNED NOT NULL AUTO_INCREMENT, AUTO_INCREMENT=23;

--
-- AUTO_INCREMENT for table `universitas`
--
ALTER TABLE `universitas`
  MODIFY `id` bigint(20) UNSIGNED NOT NULL AUTO_INCREMENT, AUTO_INCREMENT=2849;

--
-- AUTO_INCREMENT for table `users`
--
ALTER TABLE `users`
  MODIFY `id` bigint(20) UNSIGNED NOT NULL AUTO_INCREMENT, AUTO_INCREMENT=12;

--
-- Constraints for dumped tables
--

--
-- Constraints for table `jawaban`
--
ALTER TABLE `jawaban`
  ADD CONSTRAINT `jawabab_fk1` FOREIGN KEY (`soal_detail_id`) REFERENCES `soal_detail` (`id`);

--
-- Constraints for table `pendaftaran`
--
ALTER TABLE `pendaftaran`
  ADD CONSTRAINT `pendaftaran_fk1` FOREIGN KEY (`jabatan_id`) REFERENCES `jabatan` (`id`),
  ADD CONSTRAINT `pendaftaran_fk2` FOREIGN KEY (`jadwal_id`) REFERENCES `jadwal` (`id`),
  ADD CONSTRAINT `pendaftaran_fk3` FOREIGN KEY (`divisi_id`) REFERENCES `divisi` (`id`);

--
-- Constraints for table `soal_detail`
--
ALTER TABLE `soal_detail`
  ADD CONSTRAINT `soal_detail_fk1` FOREIGN KEY (`soal_id`) REFERENCES `soal` (`id`);

--
-- Constraints for table `soal_divisi`
--
ALTER TABLE `soal_divisi`
  ADD CONSTRAINT `soal_divisi_divisi_id` FOREIGN KEY (`divisi_id`) REFERENCES `divisi` (`id`) ON DELETE CASCADE ON UPDATE CASCADE,
  ADD CONSTRAINT `soal_divisi_soal_id` FOREIGN KEY (`soal_id`) REFERENCES `soal` (`id`) ON DELETE CASCADE ON UPDATE CASCADE;

--
-- Constraints for table `soal_jabatan`
--
ALTER TABLE `soal_jabatan`
  ADD CONSTRAINT `soal_jabatan_jabatan_id` FOREIGN KEY (`jabatan_id`) REFERENCES `jabatan` (`id`) ON DELETE CASCADE ON UPDATE CASCADE,
  ADD CONSTRAINT `soal_jabatan_soal_id` FOREIGN KEY (`soal_id`) REFERENCES `soal` (`id`) ON DELETE CASCADE ON UPDATE CASCADE;

--
-- Constraints for table `users`
--
ALTER TABLE `users`
  ADD CONSTRAINT `univ_id_fk` FOREIGN KEY (`univ_id`) REFERENCES `universitas` (`id`) ON DELETE SET NULL ON UPDATE SET NULL,
  ADD CONSTRAINT `user_fk1` FOREIGN KEY (`pendaftaran_id`) REFERENCES `pendaftaran` (`id`);
COMMIT;

/*!40101 SET CHARACTER_SET_CLIENT=@OLD_CHARACTER_SET_CLIENT */;
/*!40101 SET CHARACTER_SET_RESULTS=@OLD_CHARACTER_SET_RESULTS */;
/*!40101 SET COLLATION_CONNECTION=@OLD_COLLATION_CONNECTION */;
